<?xml version="1.0" encoding="UTF-8"?>
<!DOCTYPE mapper PUBLIC "-//mybatis.org//DTD Mapper 3.0//EN" "http://mybatis.org/dtd/mybatis-3-mapper.dtd">
<mapper namespace="com.sfbest.financial.db.mapper.gshop.GshopRefundVoucherExtMapper">
    <resultMap id="BaseResultMap" type="com.sfbest.financial.db.entity.gshop.GshopRefundVoucherExt">
        <id column="id" property="id" />
        <result column="refund_id" property="refundId" />
        <result column="return_type" property="returnType"  />
        <result column="custom_name" property="customName"  />
        <result column="custom_tel" property="customTel"  />
        <result column="custom_bank" property="customBank"  />
        <result column="custom_bank_no" property="customBankNo"  />
        <result column="status" property="status"  />
        <result column="add_time" property="addTime"  />
        <result column="company_code" property="companyCode"  />
        <result column="company_name" property="companyName"  />
        <result column="remark" property="remark"  />
        <result column="upload_address" property="pathName"/>
        
    </resultMap>

    <select id="queryRefundVoucherExt" parameterType="java.lang.Integer"
            resultMap="BaseResultMap">
        select
        id, refund_id, return_type, custom_name, custom_tel, custom_bank,
        custom_bank_no,
        status, add_time,company_code,company_name,remark,upload_address
        from gshop_refund_voucher_ext where refund_id=#{refundId}
    </select>

    <insert id="insertRefundExt"
            parameterType="com.sfbest.financial.db.entity.gshop.GshopRefundVoucherExt">
        insert into gshop_refund_voucher_ext
        <trim prefix="(" suffix=")" suffixOverrides=",">
            <if test="id != null">
                id,
            </if>
            <if test="refundId != null">
                refund_id,
            </if>
            <if test="returnType != null">
                return_type,
            </if>
            <if test="customName != null">
                custom_name,
            </if>
            <if test="customTel != null">
                custom_tel,
            </if>
            <if test="customBank != null">
                custom_bank,
            </if>
            <if test="customBankNo != null">
                custom_bank_no,
            </if>
            <if test="status != null">
                status,
            </if>
            <if test="addTime != null">
                add_time,
            </if>
            <if test="companyCode != null">
                company_code,
            </if>
            <if test="companyName != null">
                company_name,
            </if>
            <if test="remark != null">
                remark,
            </if>
            <if test="pathName != null">
            	upload_address,
            </if>
        </trim>
        <trim prefix="values (" suffix=")" suffixOverrides=",">
            <if test="id != null">
                #{id},
            </if>
            <if test="refundId != null">
                #{refundId},
            </if>
            <if test="returnType != null">
                #{returnType},
            </if>
            <if test="customName != null">
                #{customName},
            </if>
            <if test="customTel != null">
                #{customTel},
            </if>
            <if test="customBank != null">
                #{customBank},
            </if>
            <if test="customBankNo != null">
                #{customBankNo},
            </if>
            <if test="status != null">
                #{status},
            </if>
            <if test="addTime != null">
                #{addTime},
            </if>
            <if test="companyCode != null">
                #{companyCode},
            </if>
            <if test="companyName != null">
                #{companyName},
            </if>
            <if test="remark != null">
                #{remark},
            </if>
            <if test="pathName != null">
            	#{pathName},
            </if>
        </trim>
    </insert>

    <update id="updateRefundExt"
            parameterType="com.sfbest.financial.db.entity.gshop.GshopRefundVoucherExt"  >
        update gshop_refund_voucher_ext
        <set >
            <if test="returnType != null" >
                return_type = #{returnType},
            </if>
            <if test="customName != null" >
                custom_name = #{customName},
            </if>
            <if test="customTel != null" >
                custom_tel = #{customTel},
            </if>
            <if test="customBank != null" >
                custom_bank = #{customBank},
            </if>
            <if test="customBankNo != null" >
                custom_bank_no = #{customBankNo},
            </if>
            <if test="status != null" >
                status = #{status},
            </if>
            <if test="addTime != null" >
                add_time = #{addTime},
            </if>
            <if test="companyCode != null">
                company_code = #{companyCode},
            </if>
            <if test="companyName != null">
                company_name = #{companyName},
            </if>
            <if test="remark != null">
                remark = #{remark},
            </if>
        </set>
        where refund_id =#{refundId}
    </update>

</mapper>