<?xml version="1.0" encoding="UTF-8"?>
<!DOCTYPE mapper PUBLIC "-//mybatis.org//DTD Mapper 3.0//EN" "http://mybatis.org/dtd/mybatis-3-mapper.dtd">
<mapper namespace="com.sfbest.financial.db.mapper.gshop.GshopRefundVoucherMapper">
    <resultMap id="BaseResultMap" type="com.sfbest.financial.db.entity.gshop.GshopRefundVoucher">
        <id column="id"  property="id" />
        <result column="vou_type"  property="vouType" />
        <result column="resource_id"  property="resourceId" />
        <result column="resource_sn"  property="resourceSn" />
        <result column="user_id"  property="userId" />
        <result column="consignee"  property="consignee" />
        <result column="mobile"  property="mobile" />
        <result column="return_direction"  property="returnDirection" />
        <result column="integral"  property="integral" />
        <result column="shipping_fee"  property="shippingFee" />
        <result column="sf_shipping_fee"  property="sfshippingFee" />
        <result column="coupon_money"  property="couponMoney" />
        <result column="balance"  property="balance" />
        <result column="gift_card"  property="giftCard" />
        <result column="gift_card_money"  property="giftCardMoney" />
        <result column="cash"  property="cash" />
        <result column="bank_desc"  property="bankDesc" />
        <result column="note"  property="note" />
        <result column="admin_id"  property="adminId" />
        <result column="is_auditing"  property="isAuditing" />
        <result column="act_time"  property="actTime" />
        <result column="status"  property="status" />
        <result column="refuse_reason"  property="refuseReason" />
        <result column="add_time"  property="addTime" />
        <result column="order_type"  property="orderType" />
        <result column="refund_status"  property="refundStatus" />
        <result column="gift_status"  property="giftStatus" />
        <result column="balance_status"  property="balanceStatus" />
        <result column="is_deal"  property="isDeal" />
        <result column="sf_refund_integral"  property="sfRefundIntegral" />
        <result column="sfbest_refund_integral_t"  property="sfbestRefundIntegralT" />
        <result column="sfbest_refund_integral_t1"  property="sfbestRefundIntegralT1" />
        <result column="confirm_payment_time"  property="confirmPaymentTime" />
        <result column="sf_refund_integral_money"  property="sfRefundIntegralMoney" />
        <result column="sfbest_refund_integral_t_money"  property="sfbestRefundIntegralTMoney" />
    </resultMap>

    <select id="selectGshopRefundVoucherList"  resultMap="BaseResultMap" parameterType="com.sfbest.financial.db.entity.gshop.query.GshopRefundVoucherParam">
        select 	
        id,
        vou_type,
        resource_id,
        resource_sn,
        user_id,
        consignee,
        mobile,
        return_direction,
        integral,
        shipping_fee,
        coupon_money,
        balance,
        gift_card,
        gift_card_money,
        cash,
        bank_desc,
        note,
        admin_id,
        operator_number,
        is_auditing,
        act_time,
        status,
        refuse_reason,
        add_time,
        order_type,
        refund_status,
        gift_status,
        balance_status,
        is_deal,
        store_manager_code,
        store_manager_name,
        store_code,
        confirm_payment_time,
        modified_time,
        sf_refund_integral,
        sf_refund_integral_money,
        sfbest_refund_integral_t,
        sfbest_refund_integral_t_money,
        sfbest_refund_integral_t1,
        order_id
        from gshop_db.gshop_refund_voucher
        where 1=1
        <if test="id != null">
            and id = #{id}
        </if>
        <if test="resourceSn != null and resourceSn !=''">
            and resource_sn = #{resourceSn}
        </if>
    </select>

    <update id="updateGshopRefundVoucherById" parameterType="com.sfbest.financial.db.entity.gshop.GshopRefundVoucher">
        update gshop_refund_voucher
        <set >
            <if test="status != null">
                status = #{status} ,
            </if>
            <if test="isAuditing != null">
                is_auditing = #{isAuditing},
            </if>
            <if test="refundStatus != null">
                refund_status = #{refundStatus},
            </if>
            <if test="adminId != null">
                admin_id = #{adminId},
            </if>
            <if test="returnDirection != null">
                return_direction = #{returnDirection},
            </if>
            <if test="actTime != null">
                act_time = #{actTime},
            </if>
            <if test="confirmPaymentTime != null" >
                confirm_payment_time = #{confirmPaymentTime},
            </if>
        </set>
        where id = #{id}
    </update>

</mapper>