<?xml version="1.0" encoding="UTF-8" ?>
<!DOCTYPE mapper PUBLIC "-//mybatis.org//DTD Mapper 3.0//EN" "http://mybatis.org/dtd/mybatis-3-mapper.dtd" >
<mapper namespace="com.sfbest.financial.db.mapper.gshop.GshopOrderMapper">

<resultMap id="BaseResultMap" type="com.sfbest.financial.db.entity.gshop.GshopOrder">
    <id column="order_id" jdbcType="INTEGER" property="orderId" />
    <result column="order_sn" jdbcType="VARCHAR" property="orderSn" />
    <result column="parent_order_id" jdbcType="INTEGER" property="parentOrderId" />
    <result column="parent_order_sn" jdbcType="VARCHAR" property="parentOrderSn" />
    <result column="user_id" jdbcType="INTEGER" property="userId" />
    <result column="opencity_id" jdbcType="INTEGER" property="opencityId" />
    <result column="order_status" jdbcType="TINYINT" property="orderStatus" />
    <result column="refuse_type" jdbcType="TINYINT" property="refuseType" />
    <result column="shipping_time" jdbcType="INTEGER" property="shippingTime" />
    <result column="pay_time" jdbcType="INTEGER" property="payTime" />
    <result column="consignee" jdbcType="VARCHAR" property="consignee" />
    <result column="country" jdbcType="INTEGER" property="country" />
    <result column="province" jdbcType="INTEGER" property="province" />
    <result column="city" jdbcType="INTEGER" property="city" />
    <result column="district" jdbcType="INTEGER" property="district" />
    <result column="area" jdbcType="INTEGER" property="area" />
    <result column="address" jdbcType="VARCHAR" property="address" />
    <result column="giver_name" jdbcType="VARCHAR" property="giverName" />
    <result column="giver_province" jdbcType="INTEGER" property="giverProvince" />
    <result column="giver_city" jdbcType="INTEGER" property="giverCity" />
    <result column="giver_district" jdbcType="INTEGER" property="giverDistrict" />
    <result column="giver_area" jdbcType="INTEGER" property="giverArea" />
    <result column="giver_address" jdbcType="VARCHAR" property="giverAddress" />
    <result column="giver_mobile" jdbcType="VARCHAR" property="giverMobile" />
    <result column="sendtime" jdbcType="TINYINT" property="sendtime" />
    <result column="area_number" jdbcType="VARCHAR" property="areaNumber" />
    <result column="area_flag" jdbcType="BIT" property="areaFlag" />
    <result column="sfarea" jdbcType="VARCHAR" property="sfarea" />
    <result column="zipcode" jdbcType="VARCHAR" property="zipcode" />
    <result column="tel" jdbcType="VARCHAR" property="tel" />
    <result column="mobile" jdbcType="VARCHAR" property="mobile" />
    <result column="email" jdbcType="VARCHAR" property="email" />
    <result column="ip" jdbcType="BIGINT" property="ip" />
    <result column="best_date" jdbcType="INTEGER" property="bestDate" />
    <result column="is_together" jdbcType="TINYINT" property="isTogether" />
    <result column="best_time" jdbcType="TINYINT" property="bestTime" />
    <result column="shipping_id" jdbcType="INTEGER" property="shippingId" />
    <result column="sfairline" jdbcType="BIT" property="sfairline" />
    <result column="shipping_sn" jdbcType="VARCHAR" property="shippingSn" />
    <result column="warehouse_sn" jdbcType="VARCHAR" property="warehouseSn" />
    <result column="received_time" jdbcType="INTEGER" property="receivedTime" />
    <result column="invoice_id" jdbcType="INTEGER" property="invoiceId" />
    <result column="integral" jdbcType="INTEGER" property="integral" />
    <result column="user_rank" jdbcType="DECIMAL" property="userRank" />
    <result column="favourable_id" jdbcType="VARCHAR" property="favourableId" />
    <result column="pay_id" jdbcType="INTEGER" property="payId" />
    <result column="pay_fee" jdbcType="INTEGER" property="payFee" />
    <result column="shipping_fee" jdbcType="INTEGER" property="shippingFee" />
    <result column="sf_shipping_fee" jdbcType="INTEGER" property="sfShippingFee" />
    <result column="product_amount" jdbcType="INTEGER" property="productAmount" />
    <result column="order_amount" jdbcType="INTEGER" property="orderAmount" />
    <result column="discount" jdbcType="INTEGER" property="discount" />
    <result column="money_paid" jdbcType="INTEGER" property="moneyPaid" />
    <result column="balance" jdbcType="INTEGER" property="balance" />
    <result column="coupon_id" jdbcType="INTEGER" property="couponId" />
    <result column="coupon_type" jdbcType="BIT" property="couponType" />
    <result column="coupon_money" jdbcType="INTEGER" property="couponMoney" />
    <result column="use_integral" jdbcType="INTEGER" property="useIntegral" />
    <result column="integral_money" jdbcType="INTEGER" property="integralMoney" />
    <result column="gift_card" jdbcType="VARCHAR" property="giftCard" />
    <result column="gift_card_money" jdbcType="INTEGER" property="giftCardMoney" />
    <result column="to_user" jdbcType="VARCHAR" property="toUser" />
    <result column="to_shop" jdbcType="VARCHAR" property="toShop" />
    <result column="greet_card" jdbcType="INTEGER" property="greetCard" />
    <result column="add_time" jdbcType="INTEGER" property="addTime" />
    <result column="order_type" jdbcType="BIT" property="orderType" />
    <result column="return_direction" jdbcType="BIT" property="returnDirection" />
    <result column="projet_delivery_time" jdbcType="INTEGER" property="projetDeliveryTime" />
    <result column="order_source" jdbcType="BIT" property="orderSource" />
    <result column="order_belong" jdbcType="BIT" property="orderBelong" />
    <result column="temperature_type" jdbcType="BIT" property="temperatureType" />
    <result column="promtion_channels" jdbcType="BIT" property="promtionChannels" />
    <result column="sale_type" jdbcType="BIT" property="saleType" />
    <result column="sender_addr_id" jdbcType="INTEGER" property="senderAddrId" />
    <result column="outer_id" jdbcType="VARCHAR" property="outerId" />
    <result column="close_time" jdbcType="INTEGER" property="closeTime" />
    <result column="edit_time" jdbcType="INTEGER" property="editTime" />
    <result column="is_backmoney" jdbcType="CHAR" property="isBackmoney" />
    <result column="backmoney_time" jdbcType="INTEGER" property="backmoneyTime" />
    <result column="statis_state" jdbcType="BIT" property="statisState" />
    <result column="is_logis_error" jdbcType="BIT" property="isLogisError" />
    <result column="online_plat" jdbcType="INTEGER" property="onlinePlat" />
    <result column="sms_type" jdbcType="BIT" property="smsType" />
    <result column="is_list" jdbcType="INTEGER" property="isList" />
    <result column="sfv_download" jdbcType="TINYINT" property="sfvDownload" />
    <result column="order_sort" jdbcType="TINYINT" property="orderSort" />
    <result column="modified_time" jdbcType="TIMESTAMP" property="modifiedTime" />
  </resultMap>

    <resultMap id="orderActiveProductResult" type="com.sfbest.financial.db.entity.gshop.OrderActiveProductResult">
        <result property="id" column="id"/>
        <result property="parentId" column="parent_id"/>
        <result property="orderId" column="order_id"/>
        <result property="productId" column="product_id"/>
        <result property="productPrice" column="product_price"/>
        <result property="sellPrice" column="sell_price"/>
        <result property="productType" column="product_type"/>
        <result property="difference" column="difference"/>
        <result property="activeId" column="active_id"/>
        <result property="orderParentId" column="order_parent_id"/>
        <result property="fullReduceMoney" column="full_reduce_money"/>
        <result property="sellNum" column="sell_num"/>
        <result property="productNum" column="product_num"/>
        <result property="platform" column="platform"/>
        <result property="preferValue" column="prefer_value"/>
        <result property="orderProductId" column="order_product_id"/>
        <result property="hasGift" column="has_gift"/>
        <result property="merchantForm" column="merchant_form"/>
    </resultMap>

    <resultMap id="gshopOrderProductResultMap" type="com.sfbest.financial.db.entity.gshop.GshopOrderProduct" >
        <result property="id" column="id"/>
        <result property="parentId" column="parent_id"/>
        <result property="orderId" column="order_id"/>
        <result property="productId" column="product_id"/>
        <result property="sellNum" column="sell_num"/>
        <result property="productPrice" column="product_price"/>
        <result property="sellPrice" column="sell_price"/>
        <result property="productType" column="product_type"/>
        <result property="difference" column="difference"/>
        <result property="couponId" column="coupon_id"/>
        <result property="couponMoney" column="coupon_money"/>
        <result property="fullReduceMoney" column="full_reduce_money"/>
        <result property="orderMinusFee" column="order_minus_fee"/>
    </resultMap>

<sql id="Base_Column_List">
    order_id, order_sn, parent_order_id, parent_order_sn, user_id, opencity_id, order_status, 
    refuse_type, shipping_time, pay_time, consignee, country, province, city, district, 
    area, address, giver_name, giver_province, giver_city, giver_district, giver_area, 
    giver_address, giver_mobile, sendtime, area_number, area_flag, sfarea, zipcode, tel, 
    mobile, email, ip, best_date, is_together, best_time, shipping_id, sfairline, shipping_sn, 
    warehouse_sn, received_time, invoice_id, integral, user_rank, favourable_id, pay_id, 
    pay_fee, shipping_fee, sf_shipping_fee, product_amount, order_amount, discount, money_paid, 
    balance, coupon_id, coupon_type, coupon_money, use_integral, integral_money, gift_card, 
    gift_card_money, to_user, to_shop, greet_card, add_time, order_type, return_direction, 
    projet_delivery_time, order_source, order_belong, temperature_type, promtion_channels, 
    sale_type, sender_addr_id, outer_id, close_time, edit_time, is_backmoney, backmoney_time, 
    statis_state, is_logis_error, online_plat, sms_type, is_list, sfv_download, order_sort, 
    modified_time
  </sql>
  <select id="selectByPrimaryKey" parameterType="java.lang.Integer" resultMap="BaseResultMap">
    select 'false' as QUERYID,
      <include refid="Base_Column_List" />
    from gshop_order
    where order_id = #{orderId,jdbcType=INTEGER}
  </select>

  <select id="queryPresellOrderByAddTime" resultMap="BaseResultMap">
    select 
      <include refid="Base_Column_List" />
    from gshop_order
    where order_type = 1 and add_time between #{beginTime} and #{endTime}
  </select>

    <!--查询所有订单活动中的限时抢购商品(10015) 和单品折扣活动(10023)-->
    <select id="queryFlashSale" resultMap="orderActiveProductResult">
        SELECT
        a.id,
        a.order_id,
        a.active_id,
        a.prefer_value,
        a.order_product_id,
        a.has_gift,
        aa.parent_order_id AS order_parent_id,
        gp.sell_num,
        gp.product_num,
        gfa.platform_assume_proportion AS platform,
        gfa.merchant_assume_proportion as merchant_form
        FROM gshop_order_active a JOIN
        (SELECT DISTINCT g.order_id, g.parent_order_id FROM gshop_order g
        LEFT JOIN gshop_order_active ga ON g.order_id = ga.order_id
        WHERE g.order_id= #{orderId}
        AND ga.active_code = #{activeCode}
        ) aa ON a.order_id = aa.order_id AND a.active_code = #{activeCode}
        LEFT JOIN gshop_favourable_activity gfa ON a.active_id = gfa.act_id LEFT JOIN gshop_order_product gp ON gp.id = a.order_product_id
    </select>
    <!--查询所有订单活动中的加价购商品(10016)-->
    <select id="queryAdditional" resultMap="orderActiveProductResult">
        SELECT
        p1.id, p1.parent_id, p1.order_id, p1.product_id, p1.product_num, p1.product_price, p1.sell_price, p1.product_type, p1.difference, p1.coupon_id, p1.coupon_money, p1.full_reduce_money, IF(q.platform IS NULL, 0, q.platform) AS platform, IF(q.merchant_form IS NULL, 0, q.merchant_form) AS merchant_form, q.active_id, q.order_parent_id
        FROM (SELECT a.id, a.order_id, a.active_id, a.active_type, a.prefer_value, a.has_gift, aa.parent_order_id AS order_parent_id, gfa.platform_assume_proportion AS platform, gfa.merchant_assume_proportion as merchant_form, goap.order_product_id AS order_product_id
        FROM (
        SELECT DISTINCT g.order_id, g.parent_order_id FROM gshop_order g
        LEFT JOIN gshop_order_active ga ON g.order_id = ga.order_id
        WHERE g.order_id= #{orderId}
        AND ga.active_code = #{activeCode}) aa
        JOIN gshop_order_active a ON a.order_id = aa.order_id AND a.active_code = #{activeCode}
        LEFT JOIN gshop_favourable_activity gfa ON a.active_id = gfa.act_id
        LEFT JOIN gshop_order_active_product goap ON goap.order_active_id = a.id
        UNION
        SELECT a.id, a.order_id, a.active_id, a.active_type, a.prefer_value, a.has_gift ,aa.parent_order_id AS order_parent_id ,gfa.platform_assume_proportion AS platform, gfa.merchant_assume_proportion as merchant_form ,goag.order_product_id AS order_product_id
        FROM
        (
         SELECT DISTINCT g.order_id, g.parent_order_id FROM gshop_order g
        LEFT JOIN gshop_order_active ga ON g.order_id = ga.order_id
        WHERE g.order_id= #{orderId}
        AND ga.active_code = #{activeCode}) aa
        JOIN gshop_order_active a ON a.order_id = aa.order_id AND a.active_code = #{activeCode}
        LEFT JOIN gshop_favourable_activity gfa ON a.active_id = gfa.act_id
        LEFT JOIN gshop_order_active_gift goag ON goag.order_active_id = a.id) q
        JOIN gshop_order_product p1 ON p1.id = q.order_product_id
    </select>
    <!--查询所有订单活动中的N/M件活动商品(10018) 但是查询活动是从gshop_order_product表中product_type='6'开始算-->
    <select id="queryNMActive" resultMap="orderActiveProductResult">
        SELECT a2.order_parent_id, a2.active_id, a2.platform, a1.order_id, a1.id, a1.parent_id, a1.difference, a1.product_price, a1.sell_price, a1.sell_num
        FROM (
        SELECT pp.id, pp.parent_id, pp.difference, pp.product_price, pp.sell_price, pp.sell_num, pp.order_id, pp.active_id, pp.order_parent_id, p1.platform_assume_proportion AS platform, p1.merchant_assume_proportion as merchant_form FROM (
        SELECT a.id, a.parent_id, a.difference, a.product_price, a.sell_price, a.sell_num, a.order_id, aa.parent_order_id AS order_parent_id, a.product_id AS active_id FROM gshop_order_product a
        JOIN
        (
        SELECT DISTINCT g.order_id,g.parent_order_id FROM gshop_order g LEFT JOIN gshop_order_product gp ON g.order_id = gp.order_id
        WHERE g.order_id= #{orderId}
        AND gp.product_type = '6') aa ON a.order_id = aa.order_id) pp
        LEFT JOIN gshop_activity_mpiece p1 ON p1.act_id = pp.active_id
        ) a1
        LEFT JOIN (
        SELECT pp.id, pp.parent_id, pp.difference, pp.product_price, pp.sell_price, pp.sell_num, pp.order_id, pp.active_id, pp.order_parent_id, p1.platform_assume_proportion AS platform, p1.merchant_assume_proportion as merchant_form FROM (
        SELECT a.id, a.parent_id, a.difference, a.product_price, a.sell_price, a.sell_num, a.order_id, aa.parent_order_id AS order_parent_id, a.product_id AS active_id FROM gshop_order_product a
        JOIN
        (
        SELECT DISTINCT g.order_id,g.parent_order_id FROM gshop_order g
        LEFT JOIN gshop_order_product gp ON g.order_id = gp.order_id
        WHERE g.order_id= #{orderId}
               AND gp.product_type = '6') aa ON a.order_id = aa.order_id WHERE a.product_type = '6') pp
        LEFT JOIN gshop_activity_mpiece p1 ON p1.act_id = pp.active_id
        ) a2
        ON a2.id = a1.parent_id WHERE a2.order_parent_id IS NOT NULL AND a2.active_id IS NOT NULL
    </select>
    <!--查询所有订单活动中的满减商品(10008)-->
    <select id="queryFullReduce" resultMap="orderActiveProductResult">
        SELECT a.order_id, a.active_id, aa.parent_order_id AS order_parent_id, gfa.platform_assume_proportion AS platform, gfa.merchant_assume_proportion as merchant_form FROM gshop_order_active a
        JOIN
        (
        SELECT DISTINCT g.order_id, g.parent_order_id FROM gshop_order g
        LEFT JOIN gshop_order_active ga
        ON g.order_id = ga.order_id
        WHERE g.order_id= #{orderId}
        AND ga.active_code = #{activeCode}) aa
        ON a.order_id = aa.order_id AND a.active_code = #{activeCode}
        LEFT JOIN gshop_favourable_activity gfa ON a.active_id = gfa.act_id
    </select>
    <!--首单立减活动(10022)-->
    <select id="queryDownTheFirstSingle" resultMap="orderActiveProductResult">
        SELECT a.order_id, a.active_id, aa.parent_order_id AS order_parent_id FROM gshop_order_active a
        JOIN
        (
        SELECT DISTINCT g.order_id, g.parent_order_id FROM gshop_order g
        LEFT JOIN gshop_order_active ga
        ON g.order_id = ga.order_id
        WHERE g.order_id= #{orderId}
        AND ga.active_code = #{activeCode}) aa
        ON a.order_id = aa.order_id AND a.active_code = #{activeCode}
    </select>
    <!-- 大礼包活动(10024)-->
    <select id="queryGiftPacks" resultMap="orderActiveProductResult">
        SELECT a1.id, a1.order_id, a2.order_parent_id, a2.active_id AS active_id, 10024 AS active_code, (a1.product_price*a1.product_num-a1.sell_price*a1.product_num) AS platform, 0 as merchant_form
        FROM (
        SELECT pp.id, pp.order_id, pp.order_parent_id, pp.active_id, pp.product_num, pp.product_price, pp.sell_price, pp.sell_num, pp.parent_id FROM (
        SELECT a.id, a.order_id, aa.parent_order_id AS order_parent_id, a.product_num, a.product_price, a.sell_price, a.sell_num, a.product_id AS active_id, a.parent_id FROM gshop_order_product a
        JOIN
        (
        SELECT DISTINCT g.order_id,g.parent_order_id FROM gshop_order g
        LEFT JOIN gshop_order_product gp ON g.order_id = gp.order_id
        WHERE g.order_id= #{orderId}
        AND gp.product_type = '8') aa ON a.order_id = aa.order_id) pp
        ) a1
        LEFT JOIN (
        SELECT pp.id, pp.order_id, pp.order_parent_id, pp.active_id, pp.product_num, pp.product_price, pp.sell_price, pp.sell_num, pp.parent_id FROM (
        SELECT a.id, a.order_id, aa.parent_order_id AS order_parent_id, a.product_num, a.product_price, a.sell_price, a.sell_num, a.product_id AS active_id, a.parent_id FROM gshop_order_product a
        JOIN
        (
        SELECT DISTINCT g.order_id,g.parent_order_id FROM gshop_order g
        LEFT JOIN gshop_order_product gp ON g.order_id = gp.order_id
        WHERE g.order_id= #{orderId}
        AND gp.product_type = '8') aa ON a.order_id = aa.order_id WHERE a.product_type = '8') pp
        ) a2
        ON a2.id = a1.parent_id WHERE a2.order_parent_id IS NOT NULL
    </select>
    <!-- 单品直降(10002) -->
    <select id="querySingleProductStraightDown" resultMap="orderActiveProductResult">
        SELECT odr.parent_order_id AS order_parent_id, goa.order_id, goa.active_id, goa.prefer_value, gop.product_num,  gprp.platform_assume_proportion as platform, gprp.merchant_assume_proportion as merchant_form, gop.sell_price, goa.order_product_id, gop.id
        FROM gshop_order_active goa JOIN
        (
        SELECT DISTINCT g.order_id, g.parent_order_id FROM gshop_order g
        LEFT JOIN gshop_order_active ga ON g.order_id = ga.order_id
        WHERE g.order_id= #{orderId}
        AND ga.active_code = #{activeCode}
        ) odr ON goa.order_id = odr.order_id AND goa.active_code = #{activeCode}
        LEFT JOIN gshop_product_reduce_price gprp ON gprp.id = goa.active_id LEFT JOIN gshop_order_product gop ON gop.id = goa.order_product_id
    </select>
    <select id="queryBuyOneGetGiftsFree" resultMap="orderActiveProductResult">
         SELECT gop.order_id, q.order_parent_id, q.active_id, gop.parent_id, q.platform, q.merchant_form, gop.product_type, gop.product_price, gop.product_num, gop.sell_price, gop.id FROM gshop_order_product gop JOIN (
        SELECT gop.id , a.order_id, a.active_id AS active_id, aa.parent_order_id AS order_parent_id, gfa.platform_assume_proportion AS platform, gfa.merchant_assume_proportion as merchant_form, gop.product_type
        FROM (
        SELECT DISTINCT g.order_id, g.parent_order_id FROM gshop_order g LEFT JOIN gshop_order_active ga ON g.order_id = ga.order_id
        WHERE g.order_id= #{orderId}
        AND ga.active_code = #{activeCode}) aa
        JOIN gshop_order_active a ON a.order_id = aa.order_id AND a.active_code = #{activeCode}
        LEFT JOIN gshop_favourable_activity gfa ON a.active_id = gfa.act_id
        LEFT JOIN gshop_order_product gop ON gop.id = a.order_product_id) q ON gop.parent_id = q.id
        UNION
        SELECT a.order_id, aa.parent_order_id AS order_parent_id, a.active_id AS active_id, gop.parent_id, gfa.platform_assume_proportion AS platform, gfa.merchant_assume_proportion as merchant_form, gop.product_type, gop.product_price, gop.product_num, gop.sell_price , gop.id
        FROM (
        SELECT DISTINCT g.order_id, g.parent_order_id FROM gshop_order g LEFT JOIN gshop_order_active ga ON g.order_id = ga.order_id
        WHERE g.order_id= #{orderId}
        AND ga.active_code = #{activeCode}) aa
        JOIN gshop_order_active a ON a.order_id = aa.order_id AND a.active_code = #{activeCode}
        LEFT JOIN gshop_favourable_activity gfa ON a.active_id = gfa.act_id
        LEFT JOIN gshop_order_product gop ON gop.id = a.order_product_id;
    </select>
    <!--预售活动(10025)-->
    <select id="queryPreSellActive" resultMap="orderActiveProductResult">
        SELECT
        g.order_id,
        g.parent_order_id as order_parent_id,
        a.id AS order_product_id,
        a.product_price,
        a.product_num,
        a.sell_price,
        a.sell_num,
        a.link_id AS active_id,
        b.platform_assume_proportion AS platform,
        b.merchant_assume_proportion AS merchant_form
        FROM
        gshop_db.gshop_order g
        LEFT JOIN gshop_db.gshop_order_product a
        ON g.order_id = a.order_id
        LEFT JOIN gshop_db.gshop_pre_sale b
        ON a.link_id = b.id
        WHERE 1 = 1
        AND g.order_id= #{orderId} AND g.order_belong > 0 AND g.sale_type = 1 AND a.link_id > 0 ;
    </select>
    <!--满减活动处理问题: 一个订单参加两个活动导致每个订单中的商品分摊处理错误-->
    <select id="queryOrderProductListByActiveId" resultMap="gshopOrderProductResultMap">
        SELECT
        p1.id,
        parent_id,
        p1.order_id,
        product_id,
        sell_num,
        product_price,
        sell_price,
        product_type,
        difference,
        full_reduce_money
        FROM
        gshop_order_product as p1 left join gshop_order_active_product g1 on p1.id = g1.order_product_id left join gshop_order_active g2 ON g1.order_active_id = g2.id
        WHERE
        p1.order_id = #{orderId}
        and
        g2.active_id = #{activeId}
    </select>
    <!--处理首单立减活动:一个订单参加两个活动导致每个订单中的商品分摊处理错误-->
    <select id="queryOrderProductListByActiveId4SDLJ" resultMap="gshopOrderProductResultMap">
        SELECT
        p1.id,
        parent_id,
        p1.order_id,
        product_id,
        sell_num,
        product_price,
        sell_price,
        product_type,
        difference,
        full_reduce_money,
        g3.order_minus_fee
        FROM gshop_order_product as p1
        left join gshop_order_active_product g1 on p1.id = g1.order_product_id
        left join gshop_order_active g2 ON g1.order_active_id = g2.id
        JOIN gshop_order_product_money g3 ON g3.order_id = p1.order_id AND g3.order_product_id = p1.id
        WHERE
        p1.order_id = #{orderId}
        and
        g2.active_id = #{activeId}
    </select>
</mapper>