<?xml version="1.0" encoding="UTF-8"?>
<!DOCTYPE mapper PUBLIC "-//mybatis.org//DTD Mapper 3.0//EN" "http://mybatis.org/dtd/mybatis-3-mapper.dtd">
<mapper namespace="com.sfbest.financial.db.mapper.gshop.GshopAccountInOutMapper">

    <resultMap id="gshopAccountInOut" type="com.sfbest.financial.db.entity.gshop.GshopAccountInOut">
        <result property="supplierId" column="supplier_id"/>
        <result property="supplierNumber" column="supplier_number"/>
        <result property="checkId" column="check_id"/>
        <result property="checkNumber" column="check_number"/>
        <result property="checkTime" column="check_time"/>
        <result property="total" column="total"/>
        <result property="isEmpty" column="is_empty"/>
        <result property="inTax" column="in_tax"/>
        <result property="purchaseId" column="purchase_id"/>
        <result property="purchaseNumber" column="purchase_number"/>
        <result property="basicId" column="basic_id"/>
        <result property="contractNumber" column="contract_number"/>
        <result property="cooperationMode" column="cooperation_mode"/>
        <result property="warehouseName" column="warehouse_name"/>
        <result property="isOverseas" column="is_overseas"/>
    </resultMap>
    <select id="queryMaterialsInOut" resultMap="gshopAccountInOut">
        SELECT
          iw.supplier_id, iw.supplier_number, iw.in_id AS check_id, iw.in_number AS check_number, iw.get_time AS check_time,
          iw.total, iw.is_empty, iw.in_tax, iw.purchase_id, iw.purchase_number, bi.basic_id, bi.contract_number, bi.cooperation_mode,
          w.warehouse_name,bi.is_overseas
        FROM gshop_product_in_wh AS iw
        JOIN gshop_contract_basic_info AS bi USING(basic_id)
        JOIN gshop_warehouse AS w USING(warehouse_id)
        WHERE iw.add_time>=UNIX_TIMESTAMP('2016-7-1') AND iw.add_time &lt; UNIX_TIMESTAMP(#{endTime}) AND  bi.cooperation_mode IN(1,2,3,4,6,7)
        AND iw.purchase_type!=3 AND iw.total!=0 AND iw.warehouse_id!=4
        UNION ALL
        SELECT
          iw.supplier_id, iw.supplier_number, iw.out_id AS check_id, iw.out_number AS check_number, iw.out_time AS check_time,
          -iw.total, iw.is_empty, iw.in_tax, iw.return_id AS purchase_id, iw.return_number AS purchase_number, bi.basic_id, bi.contract_number, bi.cooperation_mode,
          w.warehouse_name, bi.is_overseas
        FROM gshop_product_out_wh AS iw
        JOIN gshop_contract_basic_info AS bi USING(basic_id)
        JOIN gshop_warehouse AS w USING(warehouse_id)
        WHERE iw.out_time>=UNIX_TIMESTAMP('2016-7-1')
        AND iw.out_time &lt; UNIX_TIMESTAMP(#{endTime}) AND  bi.cooperation_mode IN(1,2,3,4,6,7) AND iw.warehouse_id!=4
        AND iw.total!=0
    </select>
    <select id="queryOverseaAccount" resultMap="gshopAccountInOut">
        SELECT
        iw.supplier_id, iw.supplier_number, iw.in_id AS check_id, iw.in_number AS check_number, iw.get_time AS check_time,
        iw.total, iw.is_empty, iw.in_tax, iw.purchase_id, iw.purchase_number, bi.basic_id, bi.contract_number, bi.cooperation_mode,
        w.warehouse_name,bi.is_overseas
        FROM gshop_product_in_wh AS iw
        JOIN gshop_contract_basic_info AS bi USING(basic_id)
        JOIN gshop_warehouse AS w USING(warehouse_id)
        WHERE iw.add_time &gt;= #{startTime} AND iw.add_time &lt; #{endTime} AND  bi.cooperation_mode IN(1,2,3,4,6,7)
        AND iw.purchase_type!=3 AND iw.total!=0 AND iw.warehouse_id!=4 AND bi.is_overseas = 1
        UNION ALL
        SELECT
        iw.supplier_id, iw.supplier_number, iw.out_id AS check_id, iw.out_number AS check_number, iw.out_time AS check_time,
        -iw.total, iw.is_empty, iw.in_tax, iw.return_id AS purchase_id, iw.return_number AS purchase_number, bi.basic_id, bi.contract_number, bi.cooperation_mode,
        w.warehouse_name, bi.is_overseas
        FROM gshop_product_out_wh AS iw
        JOIN gshop_contract_basic_info AS bi USING(basic_id)
        JOIN gshop_warehouse AS w USING(warehouse_id)
        WHERE iw.out_time &gt;= #{startTime} AND iw.out_time &lt; #{endTime} AND bi.cooperation_mode IN(1,2,3,4,6,7) AND iw.warehouse_id!=4
        AND iw.total!=0 AND bi.is_overseas = 1
    </select>
    <select id="queryAgentAccount" resultMap="gshopAccountInOut">
        SELECT
        iw.supplier_id, iw.supplier_number, iw.in_id AS check_id, iw.in_number AS check_number, iw.get_time AS check_time,
        iw.total, iw.is_empty, iw.in_tax, iw.purchase_id, iw.purchase_number, bi.basic_id, bi.contract_number, bi.cooperation_mode,
        w.warehouse_name,bi.is_overseas
        FROM gshop_product_in_wh AS iw
        JOIN gshop_contract_basic_info AS bi USING(basic_id)
        JOIN gshop_warehouse AS w USING(warehouse_id)
        WHERE iw.add_time &gt;= #{startTime} AND iw.add_time &lt; #{endTime} AND  bi.cooperation_mode IN(2,3)
        AND iw.purchase_type!=3 AND iw.total!=0 AND iw.warehouse_id!=4
        UNION ALL
        SELECT
        iw.supplier_id, iw.supplier_number, iw.out_id AS check_id, iw.out_number AS check_number, iw.out_time AS check_time,
        -iw.total, iw.is_empty, iw.in_tax, iw.return_id AS purchase_id, iw.return_number AS purchase_number, bi.basic_id, bi.contract_number, bi.cooperation_mode,
        w.warehouse_name, bi.is_overseas
        FROM gshop_product_out_wh AS iw
        JOIN gshop_contract_basic_info AS bi USING(basic_id)
        JOIN gshop_warehouse AS w USING(warehouse_id)
        WHERE iw.out_time &gt;= #{startTime} AND iw.out_time &lt; #{endTime} AND bi.cooperation_mode IN(2,3) AND iw.warehouse_id!=4 AND iw.total!=0
    </select>
    <select id="queryDealerAccount" resultMap="gshopAccountInOut">
        SELECT
        iw.supplier_id, iw.supplier_number, iw.in_id AS check_id, iw.in_number AS check_number, iw.get_time AS check_time,
        iw.total, iw.is_empty, iw.in_tax, iw.purchase_id, iw.purchase_number, bi.basic_id, bi.contract_number, bi.cooperation_mode,
        w.warehouse_name,bi.is_overseas
        FROM gshop_product_in_wh AS iw
        JOIN gshop_contract_basic_info AS bi USING(basic_id)
        JOIN gshop_warehouse AS w USING(warehouse_id)
        WHERE iw.add_time &gt;= #{startTime} AND iw.add_time &lt; #{endTime} AND  bi.cooperation_mode IN(1,4,6,7)
        AND iw.purchase_type!=3 AND iw.total!=0 AND iw.warehouse_id!=4
        UNION ALL
        SELECT
        iw.supplier_id, iw.supplier_number, iw.out_id AS check_id, iw.out_number AS check_number, iw.out_time AS check_time,
        -iw.total, iw.is_empty, iw.in_tax, iw.return_id AS purchase_id, iw.return_number AS purchase_number, bi.basic_id, bi.contract_number, bi.cooperation_mode,
        w.warehouse_name, bi.is_overseas
        FROM gshop_product_out_wh AS iw
        JOIN gshop_contract_basic_info AS bi USING(basic_id)
        JOIN gshop_warehouse AS w USING(warehouse_id)
        WHERE iw.out_time &gt;= #{startTime} AND iw.out_time &lt; #{endTime} AND bi.cooperation_mode IN(1,4,6,7) AND iw.warehouse_id!=4 AND iw.total!=0
    </select>
</mapper>