<?xml version="1.0" encoding="UTF-8"?>
<!DOCTYPE mapper PUBLIC "-//mybatis.org//DTD Mapper 3.0//EN" "http://mybatis.org/dtd/mybatis-3-mapper.dtd">
<mapper namespace="com.sfbest.financial.db.mapper.gshop.GshopOrderTimeMapper">
  <resultMap id="BaseResultMap" type="com.sfbest.financial.db.entity.gshop.GshopOrderTime">
    <id column="id" jdbcType="INTEGER" property="id" />
    <result column="order_id" jdbcType="INTEGER" property="orderId" />
    <result column="order_sn" jdbcType="VARCHAR" property="orderSn" />
    <result column="order_add_time" jdbcType="INTEGER" property="orderAddTime" />
    <result column="order_split_time" jdbcType="INTEGER" property="orderSplitTime" />
    <result column="order_downsend_time" jdbcType="INTEGER" property="orderDownsendTime" />
    <result column="order_sendout_time" jdbcType="INTEGER" property="orderSendoutTime" />
    <result column="order_receive_time" jdbcType="INTEGER" property="orderReceiveTime" />
    <result column="order_refuse_time" jdbcType="INTEGER" property="orderRefuseTime" />
    <result column="order_cancel_time" jdbcType="INTEGER" property="orderCancelTime" />
    <result column="order_trunc_time" jdbcType="INTEGER" property="orderTruncTime" />
    <result column="order_predict_time" jdbcType="INTEGER" property="orderPredictTime" />
    <result column="order_exact_sendtime" jdbcType="INTEGER" property="orderExactSendtime" />
    <result column="order_exact_deliverytime" jdbcType="INTEGER" property="orderExactDeliverytime" />
    <result column="create_time" jdbcType="INTEGER" property="createTime" />
    <result column="modified_time" jdbcType="TIMESTAMP" property="modifiedTime" />
    <result column="is_deleted" jdbcType="BIT" property="isDeleted" />
  </resultMap>

  <sql id="Base_Column_List">
    id, order_id, order_sn, order_add_time, order_split_time, order_downsend_time, order_sendout_time, 
    order_receive_time, order_refuse_time, order_cancel_time, order_trunc_time, order_predict_time, 
    order_exact_sendtime, order_exact_deliverytime, create_time, modified_time, is_deleted
  </sql>

  <select id="selectByPrimaryKey" parameterType="java.lang.Integer" resultMap="BaseResultMap">
    select 'false' as QUERYID,
      <include refid="Base_Column_List" />
    from gshop_order_time
    where id = #{id,jdbcType=INTEGER}
  </select>

  <select id="queryActivityOrderBySplitTime" resultMap="BaseResultMap">
    select 
      <include refid="Base_Column_List" />
    from gshop_order_time
    where order_split_time between #{beginTime}  and #{endTime}
  </select>

</mapper>