<?xml version="1.0" encoding="UTF-8"?>
<!DOCTYPE mapper PUBLIC "-//mybatis.org//DTD Mapper 3.0//EN" "http://mybatis.org/dtd/mybatis-3-mapper.dtd">
<mapper namespace="com.sfbest.financial.db.mapper.gshop.GShopWareHouseMapper">
  <resultMap id="BaseResultMap" type="com.sfbest.financial.db.entity.gshop.GShopWareHouse">
    <id column="warehouse_id" jdbcType="SMALLINT" property="warehouseId" />
    <result column="warehouse_name" jdbcType="VARCHAR" property="warehouseName" />
    <result column="warehouse_sn" jdbcType="VARCHAR" property="warehouseSn" />
    <result column="warehouse_add" jdbcType="VARCHAR" property="warehouseAdd" />
    <result column="warehouse_phone" jdbcType="VARCHAR" property="warehousePhone" />
    <result column="warehouse_fax" jdbcType="VARCHAR" property="warehouseFax" />
    <result column="is_run" jdbcType="BIT" property="isRun" />
    <result column="is_virtual" jdbcType="BIT" property="isVirtual" />
    <result column="sort" jdbcType="TINYINT" property="sort" />
    <result column="warehouse_person" jdbcType="VARCHAR" property="warehousePerson" />
    <result column="province" jdbcType="VARCHAR" property="province" />
    <result column="city" jdbcType="VARCHAR" property="city" />
    <result column="area" jdbcType="VARCHAR" property="area" />
    <result column="warehouse_type" jdbcType="BIT" property="warehouseType" />
    <result column="parent_id" jdbcType="SMALLINT" property="parentId" />
  </resultMap>
  <sql id="Base_Column_List">
    warehouse_id, warehouse_name, warehouse_sn, warehouse_add, warehouse_phone, warehouse_fax, 
    is_run, is_virtual, sort, warehouse_person, province, city, area, warehouse_type, 
    parent_id
  </sql>
  <select id="selectByPrimaryKey" parameterType="java.lang.Short" resultMap="BaseResultMap">
    select 'false' as QUERYID,
    <include refid="Base_Column_List" />
    from gshop_warehouse
    where warehouse_id = #{warehouseId,jdbcType=SMALLINT}
  </select>
  <select id="selectByPage" parameterType="map" resultMap="BaseResultMap">
    select 
    <include refid="Base_Column_List" />
    from gshop_warehouse
    <if test="_skiprows != null and _pagesize != null">
      LIMIT #{_skiprows}, #{_pagesize}
    </if>
  </select>
  <delete id="removeAll">
    delete from gshop_warehouse
  </delete>
  <update id="updateByPrimaryKeySelective" parameterType="com.sfbest.financial.db.entity.gshop.GShopWareHouse">
    update gshop_warehouse
    <set>
      <if test="warehouseName != null">
        warehouse_name = #{warehouseName,jdbcType=VARCHAR},
      </if>
      <if test="warehouseSn != null">
        warehouse_sn = #{warehouseSn,jdbcType=VARCHAR},
      </if>
      <if test="warehouseAdd != null">
        warehouse_add = #{warehouseAdd,jdbcType=VARCHAR},
      </if>
      <if test="warehousePhone != null">
        warehouse_phone = #{warehousePhone,jdbcType=VARCHAR},
      </if>
      <if test="warehouseFax != null">
        warehouse_fax = #{warehouseFax,jdbcType=VARCHAR},
      </if>
      <if test="isRun != null">
        is_run = #{isRun,jdbcType=BIT},
      </if>
      <if test="isVirtual != null">
        is_virtual = #{isVirtual,jdbcType=BIT},
      </if>
      <if test="sort != null">
        sort = #{sort,jdbcType=TINYINT},
      </if>
      <if test="warehousePerson != null">
        warehouse_person = #{warehousePerson,jdbcType=VARCHAR},
      </if>
      <if test="province != null">
        province = #{province,jdbcType=VARCHAR},
      </if>
      <if test="city != null">
        city = #{city,jdbcType=VARCHAR},
      </if>
      <if test="area != null">
        area = #{area,jdbcType=VARCHAR},
      </if>
      <if test="warehouseType != null">
        warehouse_type = #{warehouseType,jdbcType=BIT},
      </if>
      <if test="parentId != null">
        parent_id = #{parentId,jdbcType=SMALLINT},
      </if>
    </set>
    where warehouse_id = #{warehouseId,jdbcType=SMALLINT}
  </update>
  <update id="updateByPrimaryKey" parameterType="com.sfbest.financial.db.entity.gshop.GShopWareHouse">
    update gshop_warehouse
    set warehouse_name = #{warehouseName,jdbcType=VARCHAR},
      warehouse_sn = #{warehouseSn,jdbcType=VARCHAR},
      warehouse_add = #{warehouseAdd,jdbcType=VARCHAR},
      warehouse_phone = #{warehousePhone,jdbcType=VARCHAR},
      warehouse_fax = #{warehouseFax,jdbcType=VARCHAR},
      is_run = #{isRun,jdbcType=BIT},
      is_virtual = #{isVirtual,jdbcType=BIT},
      sort = #{sort,jdbcType=TINYINT},
      warehouse_person = #{warehousePerson,jdbcType=VARCHAR},
      province = #{province,jdbcType=VARCHAR},
      city = #{city,jdbcType=VARCHAR},
      area = #{area,jdbcType=VARCHAR},
      warehouse_type = #{warehouseType,jdbcType=BIT},
      parent_id = #{parentId,jdbcType=SMALLINT}
    where warehouse_id = #{warehouseId,jdbcType=SMALLINT}
  </update>
</mapper>