<?xml version="1.0" encoding="UTF-8"?>
<beans xmlns="http://www.springframework.org/schema/beans"
	xmlns:xsi="http://www.w3.org/2001/XMLSchema-instance" xmlns:mvc="http://www.springframework.org/schema/mvc"
	xmlns:context="http://www.springframework.org/schema/context"
	xsi:schemaLocation="http://www.springframework.org/schema/beans http://www.springframework.org/schema/beans/spring-beans-3.2.xsd
		http://www.springframework.org/schema/context http://www.springframework.org/schema/context/spring-context-3.2.xsd
		http://www.springframework.org/schema/mvc http://www.springframework.org/schema/mvc/spring-mvc-3.2.xsd">

	<!--邮件系统-->
	<bean id="mailSendService" class="org.springframework.remoting.caucho.HessianProxyFactoryBean">
		<property name="serviceUrl" value="${certification.hessian.mail.service}" />
		<property name="serviceInterface" value="com.sfbest.message.mail.api.MailSendService" />
	</bean>
	<!--短信系统-->
	<bean id="smsSendService" class="org.springframework.remoting.caucho.HessianProxyFactoryBean">
		<property name="serviceUrl" value="${certification.hessian.sms.service}" />
		<property name="serviceInterface" value="com.sfbest.message.sms.api.SmsSendService" />
	</bean>
</beans>