<?xml version="1.0" encoding="UTF-8"?>
<!DOCTYPE mapper PUBLIC "-//mybatis.org//DTD Mapper 3.0//EN" "http://mybatis.org/dtd/mybatis-3-mapper.dtd">
<mapper namespace="com.sfbest.financial.db.mapper.gfd.GfdAccountSubjectMapper">
  <resultMap id="BaseResultMap" type="com.sfbest.financial.db.entity.gfd.GfdAccountSubject">
    <id column="id" property="id" />
    <result column="subject_code" property="subjectCode" />
    <result column="subject_name" property="subjectName" />
    <result column="create_timeStr" property="createTimeStr" />
  </resultMap>
  <sql id="Base_Column_List">
    id, subject_code, subject_name, from_unixtime(create_time,'%Y-%m-%d %H:%i:%s') as create_time_str
  </sql>

  <select id="selectByPrimaryKey" parameterType="java.lang.Integer" resultMap="BaseResultMap">
    select
    <include refid="Base_Column_List" />
    from gfd_account_subject
    where id = #{id}
  </select>

  <delete id="deleteByPrimaryKey" parameterType="java.lang.Integer">
    delete from gfd_account_subject
    where id = #{id}
  </delete>

  <insert id="insertSelective" parameterType="com.sfbest.financial.db.entity.gfd.GfdAccountSubject">
    insert into gfd_account_subject
    <trim prefix="(" suffix=")" suffixOverrides=",">
      <if test="id != null">
        id,
      </if>
      <if test="subjectCode != null">
        subject_code,
      </if>
      <if test="subjectName != null">
        subject_name,
      </if>
      <if test="createTime != null">
        create_time
      </if>
    </trim>
    <trim prefix="values (" suffix=")" suffixOverrides=",">
      <if test="id != null">
        #{id},
      </if>
      <if test="subjectCode != null">
        #{subjectCode},
      </if>
      <if test="subjectName != null">
        #{subjectName},
      </if>
      <if test="createTime != null">
        #{createTime}
      </if>
    </trim>
  </insert>

  <update id="updateByPrimaryKeySelective" parameterType="com.sfbest.financial.db.entity.gfd.GfdAccountSubject">
    update gfd_account_subject
    <set>
      <if test="subjectCode != null">
        subject_code = #{subjectCode},
      </if>
      <if test="subjectName != null">
        subject_name = #{subjectName},
      </if>
    </set>
    where id = #{id}
  </update>

  <select id="selectBySelective" parameterType="com.sfbest.financial.db.entity.gfd.GfdAccountSubject" resultMap="BaseResultMap">
    select
    <include refid="Base_Column_List" />
    from gfd_account_subject
    where 1=1
    <if test="subjectCode != null">
      and subject_code = #{subjectCode}
    </if>
    order by create_time desc;
  </select>
  <select id="queryCountBySubjectCode" resultType="int">
    select count(*) from gfd_account_subject where 1=1 and subject_code = #{subjectCode} and id!=#{id};
  </select>
  <select id="queryAll" resultMap="BaseResultMap">
      select <include refid="Base_Column_List" /> from gfd_account_subject where 1=1 order by create_time desc;
  </select>
  <select id="queryForListCount" resultType="int">
      select count(*) from gfd_account_subject where 1=1 ;
  </select>
  <select id="queryForList" resultMap="BaseResultMap">
      select <include refid="Base_Column_List" /> from gfd_account_subject where 1=1 order by create_time desc limit #{startIndex}, #{endIndex};
  </select>
</mapper>