<?xml version="1.0" encoding="UTF-8"?>
<!DOCTYPE mapper PUBLIC "-//mybatis.org//DTD Mapper 3.0//EN" "http://mybatis.org/dtd/mybatis-3-mapper.dtd">
<mapper namespace="com.sfbest.financial.db.mapper.gfd.GfdAccountMouldMapper">
    <resultMap id="BaseResultMap" type="com.sfbest.financial.db.entity.gfd.GfdAccountMould">
        <id column="id" property="id"/>
        <result column="mould_name" property="mouldName"/>
        <result column="description" property="description"/>
        <result column="company_code" property="companyCode"/>
        <result column="company_name" property="companyName"/>
        <result column="debit_number" property="debitNumber"/>
        <result column="credit_number" property="creditNumber"/>
        <result column="sort" property="sort"/>
        <result column="create_time_str" property="createTimeStr"/>
    </resultMap>

    <sql id="Base_Column_List">
      id, mould_name, description, company_code, company_name, debit_number, credit_number, sort, from_unixtime(create_time,'%Y-%m-%d %H:%i:%s') as create_time_str
    </sql>

    <select id="selectByPrimaryKey" parameterType="java.lang.Integer" resultMap="BaseResultMap">
        select
        <include refid="Base_Column_List"/>
        from gfd_account_mould where id = #{id}
    </select>

    <delete id="deleteByPrimaryKey" parameterType="java.lang.Integer">
    delete from gfd_account_mould where id = #{id}
  </delete>

    <insert id="insertSelective" parameterType="com.sfbest.financial.db.entity.gfd.GfdAccountMould" useGeneratedKeys="true" keyProperty="id">
        insert into gfd_account_mould
        <trim prefix="(" suffix=")" suffixOverrides=",">
            <if test="id != null">
                id,
            </if>
            <if test="mouldName != null">
                mould_name,
            </if>
            <if test="description != null">
                description,
            </if>
            <if test="companyCode != null">
                company_code,
            </if>
            <if test="companyName != null">
                company_name,
            </if>
            <if test="debitNumber != null">
                debit_number,
            </if>
            <if test="creditNumber != null">
                credit_number,
            </if>
            <if test="sort != null">
                sort,
            </if>
            <if test="createTime != null">
                create_time,
            </if>
        </trim>
        <trim prefix="values (" suffix=")" suffixOverrides=",">
            <if test="id != null">
                #{id},
            </if>
            <if test="mouldName != null">
                #{mouldName},
            </if>
            <if test="description != null">
                #{description},
            </if>
            <if test="companyCode != null">
                #{companyCode},
            </if>
            <if test="companyName != null">
                #{companyName},
            </if>
            <if test="debitNumber != null">
                #{debitNumber},
            </if>
            <if test="creditNumber != null">
                #{creditNumber},
            </if>
            <if test="sort != null">
                #{sort},
            </if>
            <if test="createTime != null">
                #{createTime},
            </if>
        </trim>
    </insert>
    <update id="updateByPrimaryKeySelective" parameterType="com.sfbest.financial.db.entity.gfd.GfdAccountMould">
        update gfd_account_mould
        <set>
            <if test="mouldName != null">
                mould_name = #{mouldName},
            </if>
            <if test="description != null">
                description = #{description},
            </if>
            <if test="companyCode != null">
                company_code = #{companyCode},
            </if>
            <if test="companyName != null">
                company_name = #{companyName},
            </if>
            <if test="debitNumber != null">
                debit_number = #{debitNumber},
            </if>
            <if test="creditNumber != null">
                credit_number = #{creditNumber},
            </if>
            <if test="sort != null">
                sort = #{sort},
            </if>
        </set>
        where id = #{id}
    </update>

    <select id="selectBySelective" parameterType="com.sfbest.financial.db.entity.gfd.GfdAccountMould" resultMap="BaseResultMap">
        select
        <include refid="Base_Column_List"/>
        from gfd_account_mould
        where 1=1
        <if test="mouldName != null">
            and mould_name = #{mouldName}
        </if>
        <if test="companyCode != null">
            and company_code = #{companyCode}
        </if>
        <if test="companyName != null">
            and company_name = #{companyName}
        </if>
        order by create_time asc;
    </select>

    <select id="queryCountByName" resultType="int">
        select count(*) from gfd_account_mould where 1=1 and mould_name=#{name} and id!=#{id};
    </select>

    <select id="queryDebitNumber" resultType="int">
      select debit_number from gfd_account_mould where 1=1 and id = #{id};
    </select>

    <select id="queryCreditNumber" resultType="int">
      select credit_number from gfd_account_mould where 1=1 and id = #{id};
    </select>

    <select id="queryForListCount" resultType="int">
        select count(*) from gfd_account_mould where 1=1 ;
    </select>
    <select id="queryForList" resultMap="BaseResultMap">
        select <include refid="Base_Column_List" /> from gfd_account_mould where 1=1 order by create_time desc limit #{startIndex}, #{endIndex};
    </select>
</mapper>