<?xml version="1.0" encoding="UTF-8" ?>
<!DOCTYPE mapper PUBLIC "-//mybatis.org//DTD Mapper 3.0//EN" "http://mybatis.org/dtd/mybatis-3-mapper.dtd" >
<mapper namespace="com.sfbest.financial.db.mapper.gfd.GfdAccountCertificationChargeMapper">
    <resultMap id="BaseResultMap" type="com.sfbest.financial.db.entity.gfd.GfdAccountCertificationCharge">
        <id column="id" property="id"/>
        <result column="work_name" property="workName"/>
        <result column="class_name" property="className"/>
        <result column="charge_item_codes" property="chargeItemCodes"/>
        <result column="description" property="description"/>
        <result column="create_time" property="createTime"/>
        <result column="create_time_str" property="createTimeStr"/>
    </resultMap>
    
    <sql id="Base_Column_List">
        id, work_name, class_name, charge_item_codes, description, from_unixtime(create_time,'%Y-%m-%d %H:%i:%s') as create_time_str
    </sql>
    <select id="selectByPrimaryKey" resultMap="BaseResultMap" parameterType="java.lang.Integer">
        select
        <include refid="Base_Column_List"/>
        from gfd_account_certification_charge
        where id = #{id}
    </select>
    <delete id="deleteByPrimaryKey" parameterType="java.lang.Integer">
        delete from gfd_account_certification_charge where id = #{id}
    </delete>
    <insert id="insertSelective" parameterType="com.sfbest.financial.db.entity.gfd.GfdAccountCertificationCharge">
        insert into gfd_account_certification_charge
        <trim prefix="(" suffix=")" suffixOverrides=",">
            <if test="id != null">
                id,
            </if>
            <if test="workName != null">
                work_name,
            </if>
            <if test="className != null">
                class_name,
            </if>
            <if test="chargeItemCodes != null">
                charge_item_codes,
            </if>
            <if test="description != null">
                description,
            </if>
            <if test="createTime != null">
                create_time,
            </if>
        </trim>
        <trim prefix="values (" suffix=")" suffixOverrides=",">
            <if test="id != null">
                #{id},
            </if>
            <if test="workName != null">
                #{workName},
            </if>
            <if test="className != null">
                #{className},
            </if>
            <if test="chargeItemCodes != null">
                #{chargeItemCodes},
            </if>
            <if test="description != null">
                #{description},
            </if>
            <if test="createTime != null">
                #{createTime},
            </if>
        </trim>
    </insert>
    <update id="updateByPrimaryKeySelective" parameterType="com.sfbest.financial.db.entity.gfd.GfdAccountCertificationCharge">
        update gfd_account_certification_charge
        <set>
            <if test="workName != null">
                work_name = #{workName},
            </if>
            <if test="className != null">
                class_name = #{className},
            </if>
            <if test="chargeItemCodes != null">
                charge_item_codes = #{chargeItemCodes},
            </if>
            <if test="description != null">
                description = #{description},
            </if>
            <if test="createTime != null">
                create_time = #{createTime},
            </if>
        </set>
        where id = #{id}
    </update>
    <select id="queryChargeItemCodes" resultType="string">
        select charge_item_codes from gfd_account_certification_charge where 1=1 and class_name = #{className};
    </select>
    <select id="queryCountByName" resultType="int">
        select count(*) from gfd_account_certification_charge where 1=1 and class_name=#{name} and id!=#{id};
    </select>
    <select id="queryForListCount" resultType="int">
        select count(*) from gfd_account_certification_charge where 1=1 ;
    </select>
    <select id="queryForList" resultMap="BaseResultMap">
        select <include refid="Base_Column_List" /> from gfd_account_certification_charge where 1=1 order by create_time desc limit #{startIndex}, #{endIndex};
    </select>
</mapper>