<?xml version="1.0" encoding="UTF-8"?>
<!DOCTYPE mapper PUBLIC "-//mybatis.org//DTD Mapper 3.0//EN" "http://mybatis.org/dtd/mybatis-3-mapper.dtd">
<mapper namespace="com.sfbest.financial.db.mapper.gfd.GfdAccountHeaderMapper">
  <resultMap id="BaseResultMap" type="com.sfbest.financial.db.entity.gfd.GfdAccountHeader">
    <id column="id"  property="id" />
    <result column="header_sn"  property="headerSn" />
    <result column="bill_id"  property="billId" />
    <result column="account_type"  property="accountType" />
    <result column="company_code"  property="companyCode" />
    <result column="voucher_type"  property="voucherType" />
    <result column="fiscal_year" property="fiscalYear" />
    <result column="fiscal_month" property="fiscalMonth" />
    <result column="voucher_id"  property="voucherId" />
    <result column="attachment_num"  property="attachmentNum" />
    <result column="making_date" property="makingDate" />
    <result column="making_man"  property="makingMan" />
    <result column="cashier"  property="cashier" />
    <result column="is_signature" property="isSignature" />
    <result column="posting_date" property="postingDate" />
    <result column="posting_man"  property="postingMan" />
    <result column="source_system"  property="sourceSystem" />
    <result column="memo1"  property="memo1" />
    <result column="xml_serialnum"  property="xmlSerialnum" />
    <result column="xml_time" property="xmlTime" />
    <result column="process_no"  property="processNo" />
    <result column="send_err_msg"  property="sendErrMsg" />
    <result column="send_flag"  property="sendFlag" />
    <result column="red_flag"  property="redFlag" />
    <result column="deal_status"  property="dealStatus" />
    <result column="nc_ts"  property="ncTs" />
    <result column="create_time"  property="createTime" />
    <result column="create_time_str" property="createTimeStr" />
  </resultMap>

    <sql id="Base_Column_List">
      id, header_sn, bill_id, account_type, company_code, voucher_type, fiscal_year, fiscal_month,
      voucher_id, attachment_num, making_date, making_man, cashier, is_signature, posting_date,
      posting_man, source_system, memo1, xml_serialnum, xml_time, process_no, send_err_msg,
      send_flag, red_flag, deal_status, nc_ts, from_unixtime(create_time,'%Y-%m-%d %H:%i:%s') as create_time_str
    </sql>

    <select id="queryByPrimaryKey" parameterType="java.lang.Integer" resultMap="BaseResultMap">
        select <include refid="Base_Column_List" /> from gfd_account_header where id = #{id}
    </select>

    <select id="queryAll" resultMap="BaseResultMap">
        select <include refid="Base_Column_List" /> from gfd_account_header
    </select>

    <insert id="insertSelective" parameterType="com.sfbest.financial.db.entity.gfd.GfdAccountHeader">
      insert into gfd_account_header
      <trim prefix="(" suffix=")" suffixOverrides=",">
        <if test="id != null">
          id,
        </if>
        <if test="headerSn != null">
          header_sn,
        </if>
        <if test="billId != null">
          bill_id,
        </if>
        <if test="accountType != null">
          account_type,
        </if>
        <if test="companyCode != null">
          company_code,
        </if>
        <if test="voucherType != null">
          voucher_type,
        </if>
        <if test="fiscalYear != null">
          fiscal_year,
        </if>
        <if test="fiscalMonth != null">
          fiscal_month,
        </if>
        <if test="voucherId != null">
          voucher_id,
        </if>
        <if test="attachmentNum != null">
          attachment_num,
        </if>
        <if test="makingDate != null">
          making_date,
        </if>
        <if test="makingMan != null">
          making_man,
        </if>
        <if test="cashier != null">
          cashier,
        </if>
        <if test="isSignature != null">
          is_signature,
        </if>
        <if test="postingDate != null">
          posting_date,
        </if>
        <if test="postingMan != null">
          posting_man,
        </if>
        <if test="sourceSystem != null">
          source_system,
        </if>
        <if test="memo1 != null">
          memo1,
        </if>
        <if test="xmlSerialnum != null">
          xml_serialnum,
        </if>
        <if test="xmlTime != null">
          xml_time,
        </if>
        <if test="processNo != null">
          process_no,
        </if>
        <if test="sendErrMsg != null">
          send_err_msg,
        </if>
        <if test="sendFlag != null">
          send_flag,
        </if>
        <if test="redFlag != null">
          red_flag,
        </if>
        <if test="dealStatus != null">
          deal_status,
        </if>
        <if test="ncTs != null">
          nc_ts,
        </if>
        <if test="createTime != null">
          create_time,
        </if>
      </trim>
      <trim prefix="values (" suffix=")" suffixOverrides=",">
        <if test="id != null">
          #{id},
        </if>
        <if test="headerSn != null">
          #{headerSn},
        </if>
        <if test="billId != null">
          #{billId},
        </if>
        <if test="accountType != null">
          #{accountType},
        </if>
        <if test="companyCode != null">
          #{companyCode},
        </if>
        <if test="voucherType != null">
          #{voucherType},
        </if>
        <if test="fiscalYear != null">
          #{fiscalYear},
        </if>
        <if test="fiscalMonth != null">
          #{fiscalMonth},
        </if>
        <if test="voucherId != null">
          #{voucherId},
        </if>
        <if test="attachmentNum != null">
          #{attachmentNum},
        </if>
        <if test="makingDate != null">
          #{makingDate},
        </if>
        <if test="makingMan != null">
          #{makingMan},
        </if>
        <if test="cashier != null">
          #{cashier},
        </if>
        <if test="isSignature != null">
          #{isSignature},
        </if>
        <if test="postingDate != null">
          #{postingDate},
        </if>
        <if test="postingMan != null">
          #{postingMan},
        </if>
        <if test="sourceSystem != null">
          #{sourceSystem},
        </if>
        <if test="memo1 != null">
          #{memo1},
        </if>
        <if test="xmlSerialnum != null">
          #{xmlSerialnum},
        </if>
        <if test="xmlTime != null">
          #{xmlTime},
        </if>
        <if test="processNo != null">
          #{processNo},
        </if>
        <if test="sendErrMsg != null">
          #{sendErrMsg},
        </if>
        <if test="sendFlag != null">
          #{sendFlag},
        </if>
        <if test="redFlag != null">
          #{redFlag},
        </if>
        <if test="dealStatus != null">
          #{dealStatus},
        </if>
        <if test="ncTs != null">
          #{ncTs},
        </if>
        <if test="createTime != null">
          #{createTime},
        </if>
      </trim>
    </insert>
    <select id="queryCountByBillId" resultType="int">
        select count(*) from gfd_account_header where 1=1 and bill_id = #{billId} limit 1;
    </select>
    <select id="queryForListCount" resultType="int">
        select count(*) from gfd_account_header where 1=1
        <if test="startTime!=null">
            and create_time &gt; #{startTime}
        </if>
        <if test="endTime!=null">
            and create_time &lt;= #{endTime}
        </if>
        <if test="dealStatus!=null">
            and deal_status = #{dealStatus}
        </if>
    </select>
    <select id="queryForList" resultMap="BaseResultMap">
        select <include refid="Base_Column_List" /> from gfd_account_header where 1=1
        <if test="startTime!=null">
            and create_time &gt; #{startTime}
        </if>
        <if test="endTime!=null">
            and create_time &lt;= #{endTime}
        </if>
        <if test="dealStatus!=null">
            and deal_status = #{dealStatus}
        </if>
        order by create_time desc limit #{startIndex}, #{endIndex};
    </select>
    <select id="queryByHeaderSn" resultMap="BaseResultMap">
        select <include refid="Base_Column_List" /> from gfd_account_header where 1=1 and header_sn in
        <foreach item="item" index="index" collection="list" open="(" separator="," close=")">
          #{item}
        </foreach>;
    </select>
    <select id="queryByCreateTime" resultMap="BaseResultMap">
        select <include refid="Base_Column_List" /> from gfd_account_header where 1=1
        <if test="startTime!=null and startTime!=''">
            and create_time &gt;= #{startTime}
        </if>
        <if test="endTime!=null and endTime!=''">
            and create_time &lt; #{endTime}
        </if>
        and deal_status!=1
        and deal_status!=3;
    </select>
    <update id="updateDealStatusByVoucherIds" >
        update gfd_account_header set deal_status = #{status}
        where header_sn in
        <foreach collection="list" item="item" index="index" open="(" close=")" separator=",">
            #{item}
        </foreach>
    </update>
    <update id="updateDealStatusBatch" parameterType="java.util.List">
        <foreach collection="list" item="item" index="index" open="" close="" separator=";">
        update gfd_account_header
        <set>
          deal_status = #{item.voucherStatus}
        </set>
        where header_sn = #{item.voucherId}
        </foreach>
    </update>
</mapper>