<?xml version="1.0" encoding="UTF-8"?>
<!DOCTYPE mapper PUBLIC "-//mybatis.org//DTD Mapper 3.0//EN" "http://mybatis.org/dtd/mybatis-3-mapper.dtd">
<mapper namespace="com.sfbest.financial.db.mapper.gfd.GfdAccountDetailMapper">
    <resultMap id="BaseResultMap" type="com.sfbest.financial.db.entity.gfd.GfdAccountDetail">
      <id column="id"  property="id" />
      <result column="detail_sn"  property="detailSn" />
      <result column="header_sn"  property="headerSn" />
      <result column="bill_id"  property="billId" />
      <result column="bill_type"  property="billType" />
      <result column="bill_date" jdbcType="DATE" property="billDate" />
      <result column="account_type"  property="accountType" />
      <result column="entry_id"  property="entryId" />
      <result column="subject_code"  property="subjectCode" />
      <result column="summary"  property="summary" />
      <result column="settlement"  property="settlement" />
      <result column="doucument_id"  property="doucumentId" />
      <result column="document_date"  property="documentDate" />
      <result column="currency"  property="currency" />
      <result column="unit_price" property="unitPrice" />
      <result column="exchange_rate1" property="exchangeRate1" />
      <result column="exchange_rate2" property="exchangeRate2" />
      <result column="debit_cnt"  property="debitCnt" />
      <result column="primary_debit_amount" property="primaryDebitAmount" />
      <result column="secondary_debit_amount" property="secondaryDebitAmount" />
      <result column="natural_debit_currency" property="naturalDebitCurrency" />
      <result column="credit_cnt"  property="creditCnt" />
      <result column="primary_credit_amount" property="primaryCreditAmount" />
      <result column="secondary_credit_amount" property="secondaryCreditAmount" />
      <result column="natural_credit_currency" property="naturalCreditCurrency" />
      <result column="debit_type" property="debitType" />
      <result column="process_no"  property="processNo" />
      <result column="send_error_msg"  property="sendErrorMsg" />
      <result column="send_flag" property="sendFlag" />
      <result column="nc_ts"  property="ncTs" />
      <result column="work_center"  property="workCenter" />
      <result column="work_network"  property="workNetwork" />
      <result column="ITEM1"  property="item1" />
      <result column="ITEM2"  property="item2" />
      <result column="ITEM3"  property="item3" />
      <result column="ITEM4"  property="item4" />
      <result column="ITEM5"  property="item5" />
      <result column="ITEM6"  property="item6" />
      <result column="ITEM7"  property="item7" />
      <result column="ITEM8"  property="item8" />
      <result column="ITEM9"  property="item9" />
      <result column="ITEM10"  property="item10" />
      <result column="create_time"  property="createTime" />
      <result column="create_time_str" property="createTimeStr" />
    </resultMap>

    <sql id="Base_Column_List">
      id, detail_sn, header_sn, bill_id, bill_type, bill_date, account_type, entry_id,
      subject_code, summary, settlement, doucument_id, document_date, currency, unit_price,
      exchange_rate1, exchange_rate2, debit_cnt, primary_debit_amount, secondary_debit_amount,
      natural_debit_currency, credit_cnt, primary_credit_amount, secondary_credit_amount,
      natural_credit_currency, debit_type, process_no, send_error_msg, send_flag, nc_ts,
      work_center, work_network, ITEM1, ITEM2, ITEM3, ITEM4, ITEM5, ITEM6, ITEM7, ITEM8,
      ITEM9, ITEM10, from_unixtime(create_time,'%Y-%m-%d %H:%i:%s') as create_time_str
    </sql>

    <select id="queryByPrimaryKey" parameterType="java.lang.Integer" resultMap="BaseResultMap">
      select <include refid="Base_Column_List" /> from gfd_account_detail where id = #{id}
    </select>

    <select id="queryAllByHeaderSn" resultMap="BaseResultMap">
        select <include refid="Base_Column_List" /> from gfd_account_detail where 1=1 and header_sn = #{headerSn};
    </select>
    <insert id="insertSelective" parameterType="com.sfbest.financial.db.entity.gfd.GfdAccountDetail" >
      insert into gfd_account_detail
      <trim prefix="(" suffix=")" suffixOverrides="," >
        <if test="id != null" >
          id,
        </if>
        <if test="detailSn != null" >
          detail_sn,
        </if>
        <if test="headerSn != null" >
          header_sn,
        </if>
        <if test="billId != null" >
          bill_id,
        </if>
        <if test="billType != null" >
          bill_type,
        </if>
        <if test="billDate != null" >
          bill_date,
        </if>
        <if test="accountType != null" >
          account_type,
        </if>
        <if test="entryId != null" >
          entry_id,
        </if>
        <if test="subjectCode != null" >
          subject_code,
        </if>
        <if test="summary != null" >
          summary,
        </if>
        <if test="settlement != null" >
          settlement,
        </if>
        <if test="doucumentId != null" >
          doucument_id,
        </if>
        <if test="documentDate != null" >
          document_date,
        </if>
        <if test="currency != null" >
          currency,
        </if>
        <if test="unitPrice != null" >
          unit_price,
        </if>
        <if test="exchangeRate1 != null" >
          exchange_rate1,
        </if>
        <if test="exchangeRate2 != null" >
          exchange_rate2,
        </if>
        <if test="debitCnt != null" >
          debit_cnt,
        </if>
        <if test="primaryDebitAmount != null" >
          primary_debit_amount,
        </if>
        <if test="secondaryDebitAmount != null" >
          secondary_debit_amount,
        </if>
        <if test="naturalDebitCurrency != null" >
          natural_debit_currency,
        </if>
        <if test="creditCnt != null" >
          credit_cnt,
        </if>
        <if test="primaryCreditAmount != null" >
          primary_credit_amount,
        </if>
        <if test="secondaryCreditAmount != null" >
          secondary_credit_amount,
        </if>
        <if test="naturalCreditCurrency != null" >
          natural_credit_currency,
        </if>
        <if test="debitType != null" >
          debit_type,
        </if>
        <if test="processNo != null" >
          process_no,
        </if>
        <if test="sendErrorMsg != null" >
          send_error_msg,
        </if>
        <if test="sendFlag != null" >
          send_flag,
        </if>
        <if test="ncTs != null" >
          nc_ts,
        </if>
        <if test="workCenter != null" >
          work_center,
        </if>
        <if test="workNetwork != null" >
          work_network,
        </if>
        <if test="item1 != null" >
          ITEM1,
        </if>
        <if test="item2 != null" >
          ITEM2,
        </if>
        <if test="item3 != null" >
          ITEM3,
        </if>
        <if test="item4 != null" >
          ITEM4,
        </if>
        <if test="item5 != null" >
          ITEM5,
        </if>
        <if test="item6 != null" >
          ITEM6,
        </if>
        <if test="item7 != null" >
          ITEM7,
        </if>
        <if test="item8 != null" >
          ITEM8,
        </if>
        <if test="item9 != null" >
          ITEM9,
        </if>
        <if test="item10 != null" >
          ITEM10,
        </if>
        <if test="createTime != null" >
          create_time,
        </if>
      </trim>
      <trim prefix="values (" suffix=")" suffixOverrides="," >
        <if test="id != null" >
          #{id},
        </if>
        <if test="detailSn != null" >
          #{detailSn},
        </if>
        <if test="headerSn != null" >
          #{headerSn},
        </if>
        <if test="billId != null" >
          #{billId},
        </if>
        <if test="billType != null" >
          #{billType},
        </if>
        <if test="billDate != null" >
          #{billDate},
        </if>
        <if test="accountType != null" >
          #{accountType},
        </if>
        <if test="entryId != null" >
          #{entryId},
        </if>
        <if test="subjectCode != null" >
          #{subjectCode},
        </if>
        <if test="summary != null" >
          #{summary},
        </if>
        <if test="settlement != null" >
          #{settlement},
        </if>
        <if test="doucumentId != null" >
          #{doucumentId},
        </if>
        <if test="documentDate != null" >
          #{documentDate},
        </if>
        <if test="currency != null" >
          #{currency},
        </if>
        <if test="unitPrice != null" >
          #{unitPrice},
        </if>
        <if test="exchangeRate1 != null" >
          #{exchangeRate1},
        </if>
        <if test="exchangeRate2 != null" >
          #{exchangeRate2},
        </if>
        <if test="debitCnt != null" >
          #{debitCnt},
        </if>
        <if test="primaryDebitAmount != null" >
          #{primaryDebitAmount},
        </if>
        <if test="secondaryDebitAmount != null" >
          #{secondaryDebitAmount},
        </if>
        <if test="naturalDebitCurrency != null" >
          #{naturalDebitCurrency},
        </if>
        <if test="creditCnt != null" >
          #{creditCnt},
        </if>
        <if test="primaryCreditAmount != null" >
          #{primaryCreditAmount},
        </if>
        <if test="secondaryCreditAmount != null" >
          #{secondaryCreditAmount},
        </if>
        <if test="naturalCreditCurrency != null" >
          #{naturalCreditCurrency},
        </if>
        <if test="debitType != null" >
          #{debitType},
        </if>
        <if test="processNo != null" >
          #{processNo},
        </if>
        <if test="sendErrorMsg != null" >
          #{sendErrorMsg},
        </if>
        <if test="sendFlag != null" >
          #{sendFlag},
        </if>
        <if test="ncTs != null" >
          #{ncTs},
        </if>
        <if test="workCenter != null" >
          #{workCenter},
        </if>
        <if test="workNetwork != null" >
          #{workNetwork},
        </if>
        <if test="item1 != null" >
          #{item1},
        </if>
        <if test="item2 != null" >
          #{item2},
        </if>
        <if test="item3 != null" >
          #{item3},
        </if>
        <if test="item4 != null" >
          #{item4},
        </if>
        <if test="item5 != null" >
          #{item5},
        </if>
        <if test="item6 != null" >
          #{item6},
        </if>
        <if test="item7 != null" >
          #{item7},
        </if>
        <if test="item8 != null" >
          #{item8},
        </if>
        <if test="item9 != null" >
          #{item9},
        </if>
        <if test="item10 != null" >
          #{item10},
        </if>
        <if test="createTime != null" >
          #{createTime},
        </if>
      </trim>
    </insert>
    <insert id ="insertBatch" parameterType="java.util.List" >
      insert into gfd_account_detail
      (
        id, detail_sn, header_sn, bill_id, bill_type, bill_date, account_type, entry_id,
        subject_code, summary, settlement, doucument_id, document_date, currency, unit_price,
        exchange_rate1, exchange_rate2, debit_cnt, primary_debit_amount, secondary_debit_amount,
        natural_debit_currency, credit_cnt, primary_credit_amount, secondary_credit_amount,
        natural_credit_currency, debit_type, process_no, send_error_msg, send_flag, nc_ts,
        work_center, work_network, ITEM1, ITEM2, ITEM3, ITEM4, ITEM5, ITEM6, ITEM7, ITEM8,
        ITEM9, ITEM10, create_time
      )
      values
      <foreach collection="list" item="item" index="index" separator="," >
        (
          #{item.id}, #{item.detailSn}, #{item.headerSn}, #{item.billId}, #{item.billType}, #{item.billDate}, #{item.accountType}, #{item.entryId},
          #{item.subjectCode}, #{item.summary}, #{item.settlement}, #{item.doucumentId}, #{item.documentDate}, #{item.currency}, #{item.unitPrice},
          #{item.exchangeRate1}, #{item.exchangeRate2}, #{item.debitCnt}, #{item.primaryDebitAmount}, #{item.secondaryDebitAmount},
          #{item.naturalDebitCurrency}, #{item.creditCnt}, #{item.primaryCreditAmount}, #{item.secondaryCreditAmount},
          #{item.naturalCreditCurrency}, #{item.debitType}, #{item.processNo}, #{item.sendErrorMsg}, #{item.sendFlag}, #{item.ncTs},
          #{item.workCenter}, #{item.workNetwork}, #{item.ITEM1}, #{item.ITEM2}, #{item.ITEM3}, #{item.ITEM4}, #{item.ITEM5}, #{item.ITEM6}, #{item.ITEM7}, #{item.ITEM8},
          #{item.ITEM9}, #{item.ITEM10}, #{item.createTime}
        )
      </foreach>
    </insert >
</mapper>