<?xml version="1.0" encoding="UTF-8" ?>
<!DOCTYPE mapper PUBLIC "-//mybatis.org//DTD Mapper 3.0//EN" "http://mybatis.org/dtd/mybatis-3-mapper.dtd" >
<mapper namespace="com.sfbest.financial.db.mapper.gfd.GfdAccountMouldSubjectMapper" >
  <resultMap id="BaseResultMap" type="com.sfbest.financial.db.entity.gfd.GfdAccountMouldSubject" >
    <id column="id" property="id"/>
    <result column="mould_id" property="mouldId"/>
    <result column="subject_code" property="subjectCode"/>
    <result column="subject_summary" property="subjectSummary"/>
    <result column="currency_symbol" property="currencySymbol"/>
    <result column="ex_rate1" property="exRate1"/>
    <result column="ex_rate2" property="exRate2"/>
    <result column="formula" property="formula"/>
    <result column="account_type" property="accountType"/>
    <result column="debit_credit" property="debitCredit"/>
    <result column="sort" property="sort"/>
    <result column="item1" property="item1"/>
    <result column="item2" property="item2"/>
    <result column="item3" property="item3"/>
    <result column="item4" property="item4"/>
    <result column="item5" property="item5"/>
    <result column="item6" property="item6"/>
    <result column="item7" property="item7"/>
    <result column="item8" property="item8"/>
    <result column="item9" property="item9"/>
    <result column="item10" property="item10"/>
    <result column="subject_name" property="subjectName"/>
    <result column="create_time_str" property="createTimeStr" />
  </resultMap>

  <resultMap id="BaseResultMapVO" type="com.sfbest.financial.db.entity.gfd.GfdAccountMouldSubjectVO" >
    <result column="mould_id" property="mouldId"/>
    <result column="subject_code" property="subjectCode"/>
    <result column="subject_summary" property="subjectSummary"/>
    <result column="currency_symbol" property="currencySymbol"/>
    <result column="ex_rate1" property="exRate1"/>
    <result column="ex_rate2" property="exRate2"/>
    <result column="formula" property="formula"/>
    <result column="account_type" property="accountType"/>
    <result column="debit_credit" property="debitCredit"/>
    <result column="charge_item_code" property="chargeItemCode"/>
  </resultMap>

  <sql id="Base_Column_List" >
    id, mould_id, subject_code, subject_summary, currency_symbol, ex_rate1, ex_rate2,
    formula, account_type, debit_credit, item1, item2, item3, item4, item5, item6, item7, item8, item9, item10, sort, from_unixtime(create_time,'%Y-%m-%d %H:%i:%s') as create_time_str
  </sql>
  <select id="selectByPrimaryKey" resultMap="BaseResultMap" parameterType="java.lang.Integer" >
    select 
    <include refid="Base_Column_List" />
    from gfd_account_mould_subject
    where id = #{id}
  </select>
  <delete id="deleteByPrimaryKey" parameterType="java.lang.Integer" >
    delete from gfd_account_mould_subject
    where id = #{id}
  </delete>
  <insert id="insertSelective" parameterType="com.sfbest.financial.db.entity.gfd.GfdAccountMouldSubject" >
    insert into gfd_account_mould_subject
    <trim prefix="(" suffix=")" suffixOverrides="," >
      <if test="id != null" >
        id,
      </if>
      <if test="mouldId != null" >
        mould_id,
      </if>
      <if test="subjectCode != null" >
        subject_code,
      </if>
      <if test="subjectSummary != null" >
        subject_summary,
      </if>
      <if test="currencySymbol != null" >
        currency_symbol,
      </if>
      <if test="exRate1 != null" >
        ex_rate1,
      </if>
      <if test="exRate2 != null" >
        ex_rate2,
      </if>
      <if test="formula != null" >
        formula,
      </if>
      <if test="accountType != null" >
        account_type,
      </if>
      <if test="debitCredit != null" >
        debit_credit,
      </if>
      <if test="item1 != null" >
        item1,
      </if>
      <if test="item2 != null" >
        item2,
      </if>
      <if test="item3 != null" >
        item3,
      </if>
      <if test="item4 != null" >
        item4,
      </if>
      <if test="item5 != null" >
        item5,
      </if>
      <if test="item6 != null" >
        item6,
      </if>
      <if test="item7 != null" >
        item7,
      </if>
      <if test="item8 != null" >
        item8,
      </if>
      <if test="item9 != null" >
        item9,
      </if>
      <if test="item10 != null" >
        item10,
      </if>
      <if test="sort != null" >
        sort,
      </if>
      <if test="createTime != null" >
        create_time,
      </if>
    </trim>
    <trim prefix="values (" suffix=")" suffixOverrides="," >
      <if test="id != null" >
        #{id},
      </if>
      <if test="mouldId != null" >
        #{mouldId},
      </if>
      <if test="subjectCode != null" >
        #{subjectCode},
      </if>
      <if test="subjectSummary != null" >
        #{subjectSummary},
      </if>
      <if test="currencySymbol != null" >
        #{currencySymbol},
      </if>
      <if test="exRate1 != null" >
        #{exRate1},
      </if>
      <if test="exRate2 != null" >
        #{exRate2},
      </if>
      <if test="formula != null" >
        #{formula},
      </if>
      <if test="accountType != null" >
        #{accountType},
      </if>
      <if test="debitCredit != null" >
        #{debitCredit},
      </if>
      <if test="item1 != null" >
        #{item1},
      </if>
      <if test="item2 != null" >
        #{item2},
      </if>
      <if test="item3 != null" >
        #{item3},
      </if>
      <if test="item4 != null" >
        #{item4},
      </if>
      <if test="item5 != null" >
        #{item5},
      </if>
      <if test="item6 != null" >
        #{item6},
      </if>
      <if test="item7 != null" >
        #{item7},
      </if>
      <if test="item8 != null" >
        #{item8},
      </if>
      <if test="item9 != null" >
        #{item9},
      </if>
      <if test="item10 != null" >
        #{item10},
      </if>
      <if test="sort != null" >
        #{sort},
      </if>
      <if test="createTime != null" >
        #{createTime},
      </if>
    </trim>
  </insert>

  <update id="updateByPrimaryKeySelective" parameterType="com.sfbest.financial.db.entity.gfd.GfdAccountMouldSubject" >
    update gfd_account_mould_subject
    <set >
      <if test="mouldId != null" >
        mould_id = #{mouldId},
      </if>
      <if test="subjectCode != null" >
        subject_code = #{subjectCode},
      </if>
      <if test="subjectSummary != null" >
        subject_summary = #{subjectSummary},
      </if>
      <if test="currencySymbol != null" >
        currency_symbol = #{currencySymbol},
      </if>
      <if test="exRate1 != null" >
        ex_rate1 = #{exRate1},
      </if>
      <if test="exRate2 != null" >
        ex_rate2 = #{exRate2},
      </if>
      <if test="formula != null" >
        formula = #{formula},
      </if>
      <if test="accountType != null" >
        account_type = #{accountType},
      </if>
      <if test="debitCredit != null" >
        debit_credit = #{debitCredit},
      </if>
      <if test="item1 != null" >
        item1 = #{item1},
      </if>
      <if test="item2 != null" >
        item2 = #{item2},
      </if>
      <if test="item3 != null" >
        item3 = #{item3},
      </if>
      <if test="item4 != null" >
        item4 = #{item4},
      </if>
      <if test="item5 != null" >
        item5 = #{item5},
      </if>
      <if test="item6 != null" >
        item6 = #{item6},
      </if>
      <if test="item7 != null" >
        item7 = #{item7},
      </if>
      <if test="item8 != null" >
        item8 = #{item8},
      </if>
      <if test="item9 != null" >
        item9 = #{item9},
      </if>
      <if test="item10 != null" >
        item10 = #{item10},
      </if>
      <if test="sort != null" >
        sort = #{sort},
      </if>
    </set>
    where id = #{id}
  </update>

    <select id="queryAll" resultMap="BaseResultMap">
        select a.id, a.mould_id, a.subject_code, a.subject_summary, a.currency_symbol, a.ex_rate1, a.ex_rate2,
                a.formula, a.account_type, a.debit_credit, b.subject_name
        from gfd_account_mould_subject a
        JOIN gfd_account_subject b on a.subject_code=b.subject_code
        where 1=1 and a.mould_id = #{mouldId} order by a.sort, a.create_time asc;
    </select>
    <select id="queryCount" resultType="int">
        select count(*) from gfd_account_mould_subject where 1=1 and mould_id = #{mouldId};
    </select>
    <select id="queryDebitCreditNumber" resultType="int">
        select count(*) from gfd_account_mould_subject where 1=1 and mould_id = #{mouldId} and debit_credit= #{debitCredit} and id!=#{id};
    </select>
    <select id="queryCountBySubjectCode" resultType="int">
        SELECT count(*) FROM gfd_account_mould_subject a LEFT JOIN gfd_account_mould b ON a.mould_id=b.id WHERE 1=1 AND a.subject_code=#{subjectCode} AND a.id!=#{id} AND b.id = #{mouldId};
    </select>
    <select id="queryAllByChargeItemCodeAndMouldId" resultMap="BaseResultMapVO">
        SELECT
          a.mould_id, a.subject_code, a.subject_summary, a.currency_symbol, a.ex_rate1, a.ex_rate2, a.formula, a.account_type, a.debit_credit,d.charge_item_code
        FROM gfd_account_mould_subject a
        LEFT JOIN gfd_account_mould b ON a.mould_id = b.id
        JOIN gfd_account_charge_item c ON c.mould_id = b.id
        JOIN gfd_account_charge d ON d.id = c.charge_id
        WHERE b.id = #{mouldId}
        AND d.charge_item_code = #{chargeItemCode} ;
    </select>
    <select id="queryForListCount" resultType="int">
        select count(*) from gfd_account_mould_subject where 1=1 and mould_id = #{mouldId};
    </select>
    <select id="queryForList" resultMap="BaseResultMap">
        select <include refid="Base_Column_List" /> from gfd_account_mould_subject where 1=1 and mould_id = #{mouldId} order by create_time desc limit #{startIndex}, #{endIndex};
    </select>
</mapper>