<?xml version="1.0" encoding="UTF-8"?>
<!DOCTYPE mapper PUBLIC "-//mybatis.org//DTD Mapper 3.0//EN" "http://mybatis.org/dtd/mybatis-3-mapper.dtd">
<mapper namespace="com.sfbest.financial.db.mapper.gfd.GfdAccountChargeItemMapper">
  <resultMap id="BaseResultMap" type="com.sfbest.financial.db.entity.gfd.GfdAccountChargeItem">
    <id column="id" property="id" />
    <result column="charge_id" property="chargeId" />
    <result column="mould_id" property="mouldId" />
    <result column="create_time_str" property="createTimeStr" />
  </resultMap>

  <resultMap id="TemporaryStorageResult" type="com.sfbest.financial.db.entity.gfd.TemporaryStorageResult">
    <result column="amount" property="amount" />
    <result column="tax" property="tax" />
    <result column="charge_item_code" property="chargeItemCode" />
    <result column="mould_id" property="mouldId" />
  </resultMap>

  <sql id="Base_Column_List">
    id, charge_id, mould_id, from_unixtime(create_time,'%Y-%m-%d %H:%i:%s') as create_time_str
  </sql>

  <select id="selectByPrimaryKey" parameterType="java.lang.Integer" resultMap="BaseResultMap">
    select <include refid="Base_Column_List" /> from gfd_account_charge_item where id = #{id}
  </select>

  <delete id="deleteByPrimaryKey" parameterType="java.lang.Integer">
    delete from gfd_account_charge_item where id = #{id}
  </delete>

  <insert id="insertSelective" parameterType="com.sfbest.financial.db.entity.gfd.GfdAccountChargeItem">
    insert into gfd_account_charge_item
    <trim prefix="(" suffix=")" suffixOverrides=",">
      <if test="id != null">
        id,
      </if>
      <if test="chargeId != null">
        charge_id,
      </if>
      <if test="mouldId != null">
        mould_id,
      </if>
      <if test="createTime != null">
        create_time,
      </if>
    </trim>
    <trim prefix="values (" suffix=")" suffixOverrides=",">
      <if test="id != null">
        #{id},
      </if>
      <if test="chargeId != null">
        #{chargeId},
      </if>
      <if test="mouldId != null">
        #{mouldId},
      </if>
      <if test="createTime != null">
        #{createTime},
      </if>
    </trim>
  </insert>

  <update id="updateByPrimaryKeySelective" parameterType="com.sfbest.financial.db.entity.gfd.GfdAccountChargeItem">
    update gfd_account_charge_item
    <set>
      <if test="chargeId != null">
        charge_id = #{chargeId},
      </if>
      <if test="mouldId != null">
        mould_id = #{mouldId},
      </if>
    </set>
    where id = #{id}
  </update>

    <select id="queryAll" resultMap="BaseResultMap">
        select <include refid="Base_Column_List" /> from gfd_account_charge_item where 1=1 order by create_time desc;
    </select>
    <select id="queryAllByMouldId" resultMap="BaseResultMap">
        select <include refid="Base_Column_List" /> from gfd_account_charge_item where 1=1 and mould_id = #{mouldId} order by create_time desc;
    </select>
    <select id="queryCountByChargeId" resultType="int">
        select count(*) from gfd_account_charge_item where 1=1 and charge_id = #{chargeId} and mould_id!=#{mouldId};
    </select>
    <select id="queryAllByChargeId" resultMap="BaseResultMap">
        select <include refid="Base_Column_List" /> from gfd_account_charge_item where 1=1 and charge_id=#{chargeId};
    </select>
    <select id="queryMouldIdByChargeItemCode" resultType="int">
        SELECT c.mould_id FROM gfd_account_certification a
        JOIN gfd_account_charge b ON a.charge_item_code = b.charge_item_code
        JOIN gfd_account_charge_item c ON b.id = c.charge_id
        WHERE 1=1 AND a.charge_item_code IN (
          <foreach collection="list" item="item" index="index" separator="," >
            #{item}
          </foreach>
        ) GROUP BY c.mould_id <!--a.charge_item_code, a.bill_code limit 1;-->
    </select>
    <select id="queryAllByChargeItemCode" resultMap="TemporaryStorageResult">
        SELECT a.amount, a.tax, a.charge_item_code, c.mould_id
        FROM gfd_account_certification a
        JOIN gfd_account_charge b ON a.charge_item_code = b.charge_item_code
        JOIN gfd_account_charge_item c ON b.id = c.charge_id
        WHERE 1=1 AND a.charge_item_code IN (
          <foreach collection="list" item="item" index="index" separator="," >
            #{item}
          </foreach>
        ) GROUP BY a.charge_item_code, a.bill_code;
    </select>
    <select id="queryCountExist" resultType="int">
      SELECT count(*) FROM gfd_account_charge_item a
      WHERE 1=1 and id!=#{id} and mould_id =#{mouldId} AND a.charge_id IN (
        <foreach collection="chargeId" item="item" index="index" separator="," >
          #{item}
        </foreach>
      ) limit 1;
    </select>
  <select id="queryChargeIdCount" resultType="int">
      select count(*) from gfd_account_charge_item a where 1=1 and a.charge_id = #{chargeId};
  </select>
</mapper>