<?xml version="1.0" encoding="UTF-8"?>
<!DOCTYPE mapper PUBLIC "-//mybatis.org//DTD Mapper 3.0//EN" "http://mybatis.org/dtd/mybatis-3-mapper.dtd">
<mapper namespace="com.sfbest.financial.db.mapper.gfd.GfdAccountChargeMapper">
    <resultMap id="BaseResultMap" type="com.sfbest.financial.db.entity.gfd.GfdAccountCharge">
      <id column="id" property="id" />
      <result column="charge_item_name" property="chargeItemName" />
      <result column="charge_item_code" property="chargeItemCode" />
      <result column="create_time" property="createTime" />
      <result column="create_time_str" property="createTimeStr" />
    </resultMap>
    <sql id="Base_Column_List">
      id, charge_item_name, charge_item_code, from_unixtime(create_time,'%Y-%m-%d %H:%i:%s') as create_time_str
    </sql>

    <select id="selectByPrimaryKey" parameterType="java.lang.Integer" resultMap="BaseResultMap">
      select <include refid="Base_Column_List" /> from gfd_account_charge where id = #{id}
    </select>

    <delete id="deleteByPrimaryKey" parameterType="java.lang.Integer">
      delete from gfd_account_charge where id = #{id}
    </delete>
    
    <insert id="insertSelective" parameterType="com.sfbest.financial.db.entity.gfd.GfdAccountCharge">
      insert into gfd_account_charge
      <trim prefix="(" suffix=")" suffixOverrides=",">
          <if test="id != null">
            id,
          </if>
          <if test="chargeItemName != null">
            charge_item_name,
          </if>
          <if test="chargeItemCode != null">
            charge_item_code,
          </if>
          <if test="createTime != null">
              create_time,
          </if>
      </trim>
      <trim prefix="values (" suffix=")" suffixOverrides=",">
          <if test="id != null">
            #{id},
          </if>
          <if test="chargeItemName != null">
            #{chargeItemName},
          </if>
          <if test="chargeItemCode != null">
            #{chargeItemCode},
          </if>
          <if test="createTime != null">
              #{createTime},
          </if>
      </trim>
    </insert>

    <update id="updateByPrimaryKeySelective" parameterType="com.sfbest.financial.db.entity.gfd.GfdAccountCharge">
      update gfd_account_charge
      <set>
        <if test="chargeItemName != null">
          charge_item_name = #{chargeItemName},
        </if>
        <if test="chargeItemCode != null">
          charge_item_code = #{chargeItemCode},
        </if>
      </set>
      where id = #{id}
    </update>

    <select id="queryForListCount" resultType="int">
        select count(*) from gfd_account_charge where 1=1 ;
    </select>
    <select id="queryForList" resultMap="BaseResultMap">
        select <include refid="Base_Column_List" /> from gfd_account_charge where 1=1 order by create_time desc limit #{startIndex}, #{endIndex};
    </select>

    <select id="queryAll" resultMap="BaseResultMap">
      select <include refid="Base_Column_List" /> from gfd_account_charge where 1=1 order by create_time desc;
    </select>

    <select id="queryCount" resultType="int">
      select count(*) from gfd_account_charge where 1=1 and (charge_item_name=#{chargeItemName} or charge_item_code=#{chargeItemCode}) and id!=#{id};
    </select>
    <select id="queryByChargeItemCode" resultType="int">
        select id from gfd_account_charge where 1=1 and charge_item_code=#{chargeItemCode};
    </select>
    <select id="queryAllByName" resultMap="BaseResultMap">
        select id, charge_item_name, charge_item_code from gfd_account_charge where 1=1
        <if test="name != null and name!=''">
            and charge_item_name like concat('%', #{name}, '%')
        </if>
    </select>
    <select id="queryChargeItemCodeById" resultType="string">
        select charge_item_code from gfd_account_charge where 1=1 and id = #{id};
    </select>
</mapper>