<?xml version="1.0" encoding="UTF-8"?>
<!DOCTYPE mapper PUBLIC "-//mybatis.org//DTD Mapper 3.0//EN" "http://mybatis.org/dtd/mybatis-3-mapper.dtd">
<mapper namespace="com.sfbest.financial.db.mapper.gfd.GfdAccountCertificationMapper">
  <resultMap id="BaseResultMap" type="com.sfbest.financial.db.entity.gfd.GfdAccountCertification">
    <id column="id" property="id" />
    <result column="bill_code" property="billCode" />
    <result column="invoice_code" property="invoiceCode" />
    <result column="customer_code" property="customerCode" />
    <result column="zone_code" property="zoneCode" />
    <result column="vip_code" property="vipCode" />
    <result column="vip_zone_code" property="vipZoneCode" />
    <result column="gl_dt" property="glDt" />
    <result column="bill_end_inv_flg" property="billEndInvFlg" />
    <result column="start_dt" property="startDt" />
    <result column="end_dt" property="endDt" />
    <result column="bill_start_dt" property="billStartDt" />
    <result column="bill_end_dt" property="billEndDt" />
    <result column="bill_period" property="billPeriod" />
    <result column="payment_term" property="paymentTerm" />
    <result column="payment_due_dt" property="paymentDueDt" />
    <result column="vktyp" property="vktyp" />
    <result column="main_transaction" property="mainTransaction" />
    <result column="sub_transaction" property="subTransaction" />
    <result column="bill_version_no" property="billVersionNo" />
    <result column="amount" property="amount" />
    <result column="currency_code" property="currencyCode" />
    <result column="receipt_batch_number" property="receiptBatchNumber" />
    <result column="bu_type" property="buType" />
    <result column="source_sys" property="sourceSys" />
    <result column="bill_cnt" property="billCnt" />
    <result column="unique_id" property="uniqueId" />
    <result column="bg_code" property="bgCode" />
    <result column="tax_code" property="taxCode" />
    <result column="tax" property="tax" />
    <result column="depart" property="depart" />
    <result column="supplier_number" property="supplierNumber" />
    <result column="io_number" property="ioNumber" />
    <result column="charge_item_code" property="chargeItemCode" />
    <result column="region_type_code" property="regionTypeCode" />
    <result column="tax_rule_code" property="taxRuleCode" />
    <result column="deal_status" property="dealStatus" />
    <result column="gl_dt_str" property="glDtStr" />
    <result column="start_dt_str" property="startDtStr" />
    <result column="end_dt_str" property="endDtStr" />
    <result column="bill_start_dt_str" property="billStartDtStr" />
    <result column="bill_end_dt_str" property="billEndDtStr" />
    <result column="bill_period_str" property="billPeriodStr" />
    <result column="payment_due_dt_str" property="paymentDueDtStr" />
    <result column="create_time_str" property="createTimeStr" />
  </resultMap>
  <sql id="Base_Column_List">
    id, bill_code, invoice_code, customer_code, zone_code, vip_code, vip_zone_code, gl_dt, 
    bill_end_inv_flg, start_dt, end_dt, bill_start_dt, bill_end_dt, bill_period, payment_term, 
    payment_due_dt, vktyp, main_transaction, sub_transaction, bill_version_no, amount, 
    currency_code, receipt_batch_number, bu_type, source_sys, bill_cnt, unique_id, bg_code, 
    tax_code, tax, depart, supplier_number, io_number, charge_item_code, region_type_code, tax_rule_code, deal_status,
    from_unixtime(gl_dt,'%Y-%m-%d %H:%i:%s') as gl_dt_str,
    from_unixtime(start_dt,'%Y-%m-%d %H:%i:%s') as start_dt_str,
    from_unixtime(end_dt,'%Y-%m-%d %H:%i:%s') as end_dt_str,
    from_unixtime(bill_start_dt,'%Y-%m-%d %H:%i:%s') as bill_start_dt_str,
    from_unixtime(bill_end_dt,'%Y-%m-%d %H:%i:%s') as bill_end_dt_str,
    from_unixtime(bill_period,'%Y-%m-%d %H:%i:%s') as bill_period_str,
    from_unixtime(payment_due_dt,'%Y-%m-%d %H:%i:%s') as payment_due_dt_str,
    from_unixtime(create_time,'%Y-%m-%d %H:%i:%s') as create_time_str
  </sql>
  <select id="queryByPrimaryKey" parameterType="java.lang.Integer" resultMap="BaseResultMap">
    select
    <include refid="Base_Column_List" />
    from gfd_account_certification
    where id = #{id}
  </select>
  <insert id="insertSelective" parameterType="com.sfbest.financial.db.entity.gfd.GfdAccountCertification">
    insert into gfd_account_certification
    <trim prefix="(" suffix=")" suffixOverrides=",">
      <if test="id != null">
        id,
      </if>
      <if test="billCode != null">
        bill_code,
      </if>
      <if test="invoiceCode != null">
        invoice_code,
      </if>
      <if test="customerCode != null">
        customer_code,
      </if>
      <if test="zoneCode != null">
        zone_code,
      </if>
      <if test="vipCode != null">
        vip_code,
      </if>
      <if test="vipZoneCode != null">
        vip_zone_code,
      </if>
      <if test="glDt != null">
        gl_dt,
      </if>
      <if test="billEndInvFlg != null">
        bill_end_inv_flg,
      </if>
      <if test="startDt != null">
        start_dt,
      </if>
      <if test="endDt != null">
        end_dt,
      </if>
      <if test="billStartDt != null">
        bill_start_dt,
      </if>
      <if test="billEndDt != null">
        bill_end_dt,
      </if>
      <if test="billPeriod != null">
        bill_period,
      </if>
      <if test="paymentTerm != null">
        payment_term,
      </if>
      <if test="paymentDueDt != null">
        payment_due_dt,
      </if>
      <if test="vktyp != null">
        vktyp,
      </if>
      <if test="mainTransaction != null">
        main_transaction,
      </if>
      <if test="subTransaction != null">
        sub_transaction,
      </if>
      <if test="billVersionNo != null">
        bill_version_no,
      </if>
      <if test="amount != null">
        amount,
      </if>
      <if test="currencyCode != null">
        currency_code,
      </if>
      <if test="receiptBatchNumber != null">
        receipt_batch_number,
      </if>
      <if test="buType != null">
        bu_type,
      </if>
      <if test="sourceSys != null">
        source_sys,
      </if>
      <if test="billCnt != null">
        bill_cnt,
      </if>
      <if test="uniqueId != null">
        unique_id,
      </if>
      <if test="bgCode != null">
        bg_code,
      </if>
      <if test="taxCode != null">
        tax_code,
      </if>
      <if test="tax != null">
        tax,
      </if>
      <if test="depart != null">
        depart,
      </if>
      <if test="supplierNumber != null">
        supplier_number,
      </if>
      <if test="ioNumber != null">
        io_number,
      </if>
      <if test="chargeItemCode != null">
        charge_item_code,
      </if>
      <if test="regionTypeCode != null">
        region_type_code,
      </if>
      <if test="taxRuleCode != null">
        tax_rule_code,
      </if>
      <if test="dealStatus != null">
        deal_status,
      </if>
      <if test="createTime != null">
        create_time,
      </if>
    </trim>
    <trim prefix="values (" suffix=")" suffixOverrides=",">
      <if test="id != null">
        #{id},
      </if>
      <if test="billCode != null">
        #{billCode},
      </if>
      <if test="invoiceCode != null">
        #{invoiceCode},
      </if>
      <if test="customerCode != null">
        #{customerCode},
      </if>
      <if test="zoneCode != null">
        #{zoneCode},
      </if>
      <if test="vipCode != null">
        #{vipCode},
      </if>
      <if test="vipZoneCode != null">
        #{vipZoneCode},
      </if>
      <if test="glDt != null">
        #{glDt},
      </if>
      <if test="billEndInvFlg != null">
        #{billEndInvFlg},
      </if>
      <if test="startDt != null">
        #{startDt},
      </if>
      <if test="endDt != null">
        #{endDt},
      </if>
      <if test="billStartDt != null">
        #{billStartDt},
      </if>
      <if test="billEndDt != null">
        #{billEndDt},
      </if>
      <if test="billPeriod != null">
        #{billPeriod},
      </if>
      <if test="paymentTerm != null">
        #{paymentTerm},
      </if>
      <if test="paymentDueDt != null">
        #{paymentDueDt},
      </if>
      <if test="vktyp != null">
        #{vktyp},
      </if>
      <if test="mainTransaction != null">
        #{mainTransaction},
      </if>
      <if test="subTransaction != null">
        #{subTransaction},
      </if>
      <if test="billVersionNo != null">
        #{billVersionNo},
      </if>
      <if test="amount != null">
        #{amount},
      </if>
      <if test="currencyCode != null">
        #{currencyCode},
      </if>
      <if test="receiptBatchNumber != null">
        #{receiptBatchNumber},
      </if>
      <if test="buType != null">
        #{buType},
      </if>
      <if test="sourceSys != null">
        #{sourceSys},
      </if>
      <if test="billCnt != null">
        #{billCnt},
      </if>
      <if test="uniqueId != null">
        #{uniqueId},
      </if>
      <if test="bgCode != null">
        #{bgCode},
      </if>
      <if test="taxCode != null">
        #{taxCode},
      </if>
      <if test="tax != null">
        #{tax},
      </if>
      <if test="depart != null">
        #{depart},
      </if>
      <if test="supplierNumber != null">
        #{supplierNumber},
      </if>
      <if test="ioNumber != null">
        #{ioNumber},
      </if>
      <if test="chargeItemCode != null">
        #{chargeItemCode},
      </if>
      <if test="regionTypeCode != null">
        #{regionTypeCode},
      </if>
      <if test="taxRuleCode != null">
        #{taxRuleCode},
      </if>
      <if test="dealStatus != null">
        #{dealStatus},
      </if>
      <if test="createTime != null">
        #{createTime},
      </if>
    </trim>
  </insert>
  <insert id="insertBatch" parameterType="java.util.List">
    insert into gfd_account_certification (id, bill_code, invoice_code, 
      customer_code, zone_code, vip_code, 
      vip_zone_code, gl_dt, bill_end_inv_flg, 
      start_dt, end_dt, bill_start_dt, 
      bill_end_dt, bill_period, payment_term, 
      payment_due_dt, vktyp, main_transaction, 
      sub_transaction, bill_version_no, 
      amount, currency_code, receipt_batch_number, 
      bu_type, source_sys, bill_cnt, 
      unique_id, bg_code, tax_code, tax,
      depart, supplier_number, io_number, charge_item_code, region_type_code,
      tax_rule_code, deal_status, create_time, 
      modified_time)
    values
    <foreach collection="list" item="item" index="index" separator="," >
     (#{item.id}, #{item.billCode}, #{item.invoiceCode}, 
      #{item.customerCode}, #{item.zoneCode}, #{item.vipCode}, 
      #{item.vipZoneCode}, #{item.glDt}, #{item.billEndInvFlg}, 
      #{item.startDt}, #{item.endDt}, #{item.billStartDt}, 
      #{item.billEndDt}, #{item.billPeriod}, #{item.paymentTerm}, 
      #{item.paymentDueDt}, #{item.vktyp}, #{item.mainTransaction}, 
      #{item.subTransaction}, #{item.billVersionNo}, 
      #{item.amount}, #{item.currencyCode}, #{item.receiptBatchNumber}, 
      #{item.buType}, #{item.sourceSys}, #{item.billCnt}, 
      #{item.uniqueId}, #{item.bgCode}, #{item.taxCode}, #{item.tax},
      #{item.depart}, #{item.supplierNumber}, #{item.ioNumber}, #{item.chargeItemCode}, #{item.regionTypeCode},
      #{item.taxRuleCode}, #{item.dealStatus}, #{item.createTime}, 
      #{item.modifiedTime})
    </foreach>
  </insert>
    <select id="queryAll" resultMap="BaseResultMap">
        select <include refid="Base_Column_List" /> from gfd_account_certification where 1=1 order by create_time desc;
    </select>
    <select id="queryAllByBillCode" resultMap="BaseResultMap">
        select <include refid="Base_Column_List" /> from gfd_account_certification where 1=1 and bill_code=#{billCode} order by create_time desc;
    </select>
    <select id="queryForListCount" resultType="int">
        select count(*) from gfd_account_certification where 1=1
        <if test="startTime!=null">
            and create_time &gt;= #{startTime}
        </if>
        <if test="endTime!=null">
            and create_time &lt; #{endTime}
        </if>
    </select>
    <select id="queryForList" resultMap="BaseResultMap">
      select <include refid="Base_Column_List" /> from gfd_account_certification where 1=1
      <if test="startTime!=null">
        and create_time &gt;= #{startTime}
      </if>
      <if test="endTime!=null">
        and create_time &lt; #{endTime}
      </if>
      order by create_time desc;
    </select>
</mapper>