<?xml version="1.0" encoding="UTF-8"?>
<!DOCTYPE mapper PUBLIC "-//mybatis.org//DTD Mapper 3.0//EN" "http://mybatis.org/dtd/mybatis-3-mapper.dtd">
<mapper namespace="com.sfbest.financial.db.mapper.gfd.GfdZadminKafkaMapper">
    <resultMap id="BaseResultMap" type="com.sfbest.financial.db.entity.gfd.GfdZadminKafka">
        <id column="id" property="id"/>
        <result column="name" property="name"/>
        <result column="topic" property="topic"/>
        <result column="group_id" property="groupId"/>
        <result column="num" property="num"/>
        <result column="class_name" property="className"/>
        <result column="status" property="status"/>
        <result column="create_time_str" property="createTimeStr"/>
        <result column="is_delete" property="isDelete"/>
    </resultMap>

    <sql id="Base_Column_List">
      id, name, topic, group_id, num, class_name, status, from_unixtime(create_time,'%Y-%m-%d %H:%i:%s') as create_time_str, is_delete
    </sql>

    <select id="queryByPrimaryKey" parameterType="java.lang.Integer" resultMap="BaseResultMap">
        select
        <include refid="Base_Column_List"/>
        from gfd_zadmin_kafka
        where id = #{id}
    </select>

    <insert id="insertSelective" parameterType="com.sfbest.financial.db.entity.gfd.GfdZadminKafka">
        insert into gfd_zadmin_kafka
        <trim prefix="(" suffix=")" suffixOverrides=",">
            <if test="name != null">
                name,
            </if>
            <if test="topic != null">
                topic,
            </if>
            <if test="groupId != null">
                group_id,
            </if>
            <if test="num != null">
                num,
            </if>
            <if test="className != null">
                class_name,
            </if>
            <if test="status != null">
                status,
            </if>
            <if test="createTime != null">
                create_time,
            </if>
        </trim>
        <trim prefix="values (" suffix=")" suffixOverrides=",">
            <if test="name != null">
                #{name},
            </if>
            <if test="topic != null">
                #{topic},
            </if>
            <if test="groupId != null">
                #{groupId},
            </if>
            <if test="num != null">
                #{num},
            </if>
            <if test="className != null">
                #{className},
            </if>
            <if test="status != null">
                #{status},
            </if>
            <if test="createTime != null">
                #{createTime},
            </if>
        </trim>
    </insert>

    <update id="updateByPrimaryKeySelective" parameterType="com.sfbest.financial.db.entity.gfd.GfdZadminKafka">
        update gfd_zadmin_kafka
        <set>
            <if test="name != null">
                name = #{name},
            </if>
            <if test="topic != null">
                topic = #{topic},
            </if>
            <if test="groupId != null">
                group_id = #{groupId},
            </if>
            <if test="num != null">
                num = #{num},
            </if>
            <if test="className != null">
                class_name = #{className},
            </if>
            <if test="status != null">
                status = #{status},
            </if>
        </set>
        where id = #{id}
    </update>
    <select id="queryAll" resultMap="BaseResultMap">
      select <include refid="Base_Column_List"/> from gfd_zadmin_kafka order by id desc;
    </select>
    <select id="queryForListCount" resultType="int">
      select count(*) from gfd_zadmin_kafka;
    </select>
    <select id="queryForList" resultMap="BaseResultMap">
      select <include refid="Base_Column_List"/> from gfd_zadmin_kafka where 1=1 order by id desc limit #{startIndex}, #{endIndex};
    </select>
    <delete id="deleteByPrimaryKey">
        delete from gfd_zadmin_kafka where id =#{id};
    </delete>
    <select id="queryExistCount" resultType="int">
        select count(*) FROM gfd_zadmin_kafka where 1=1 and (topic=#{topic} or class_name = #{className}) and id!=#{id};
    </select>
    <select id="queryAllRunnable" resultMap="BaseResultMap">
        select <include refid="Base_Column_List"/> from gfd_zadmin_kafka g where 1=1 and g.status=1 order by id desc;
    </select>
</mapper>