<?xml version="1.0" encoding="UTF-8" ?>
<!DOCTYPE mapper PUBLIC "-//mybatis.org//DTD Mapper 3.0//EN" "http://mybatis.org/dtd/mybatis-3-mapper.dtd" >
<mapper namespace="com.sfbest.financial.db.mapper.gfd.GfdZadminEmailMapper">
    <resultMap id="BaseResultMap" type="com.sfbest.financial.db.entity.gfd.GfdZadminEmail">
        <id column="id" property="id"/>
        <result column="name" property="name"/>
        <result column="code" property="code"/>
        <result column="user_name" property="userName"/>
        <result column="user_email" property="userEmail"/>
        <result column="mobile_phone" property="mobilePhone"/>
        <result column="create_time_str" property="createTimeStr"/>
    </resultMap>
    <sql id="Base_Column_List">
        id, name, code, user_name, user_email, mobile_phone, from_unixtime(create_time,'%Y-%m-%d %H:%i:%s') as create_time_str
    </sql>
    <select id="selectByPrimaryKey" resultMap="BaseResultMap" parameterType="java.lang.Integer">
        select <include refid="Base_Column_List"/> from gfd_zadmin_email where id = #{id}
    </select>
    <delete id="deleteByPrimaryKey" parameterType="java.lang.Integer">
        delete from gfd_zadmin_email where id = #{id}
    </delete>

    <insert id="insertSelective" parameterType="com.sfbest.financial.db.entity.gfd.GfdZadminEmail">
        insert into gfd_zadmin_email
        <trim prefix="(" suffix=")" suffixOverrides=",">
            <if test="id != null">
                id,
            </if>
            <if test="name != null">
                name,
            </if>
            <if test="code != null">
                code,
            </if>
            <if test="userName != null">
                user_name,
            </if>
            <if test="userEmail != null">
                user_email,
            </if>
            <if test="mobilePhone != null">
                mobile_phone,
            </if>
            <if test="createTime != null">
                create_time,
            </if>
        </trim>
        <trim prefix="values (" suffix=")" suffixOverrides=",">
            <if test="id != null">
                #{id},
            </if>
            <if test="name != null">
                #{name},
            </if>
            <if test="code != null">
                #{code},
            </if>
            <if test="userName != null">
                #{userName},
            </if>
            <if test="userEmail != null">
                #{userEmail},
            </if>
            <if test="mobilePhone != null">
                #{mobilePhone},
            </if>
            <if test="createTime != null">
                #{createTime},
            </if>
        </trim>
    </insert>
    <update id="updateByPrimaryKeySelective" parameterType="com.sfbest.financial.db.entity.gfd.GfdZadminEmail">
        update gfd_zadmin_email
        <set>
            <if test="name != null">
                name = #{name},
            </if>
            <if test="code != null">
                code = #{code},
            </if>
            <if test="userName != null">
                user_name = #{userName},
            </if>
            <if test="userEmail != null">
                user_email = #{userEmail},
            </if>
            <if test="mobilePhone != null">
                mobile_phone = #{mobilePhone},
            </if>
        </set>
        where id = #{id}
    </update>
    <select id="queryForListCount" resultType="int">
        select count(*) from gfd_zadmin_email;
    </select>
    <select id="queryForList" resultMap="BaseResultMap">
        select <include refid="Base_Column_List"/> from gfd_zadmin_email where 1=1 order by id desc limit #{startIndex}, #{endIndex};
    </select>
    <select id="queryEmailByCode" resultType="string">
        select user_email from gfd_zadmin_email where code = #{code};
    </select>
</mapper>