<?xml version="1.0" encoding="UTF-8"?>
<!DOCTYPE mapper PUBLIC "-//mybatis.org//DTD Mapper 3.0//EN" 
    "http://mybatis.org/dtd/mybatis-3-mapper.dtd">
<mapper namespace="com.sfbest.financial.db.mapper.gfd.ReceiveOrderMapper">

	<!--实体映射-->
	<resultMap id="receiveOrderResultMap" type="com.sfbest.financial.db.entity.gfd.ReceiveOrder">
		<!--主键-->
		<id property="id" column="id" />
		<!--订单id-->
		<result property="orderId" column="order_id" />
		<!--订单sn-->
		<result property="orderSn" column="order_sn" />
		<!--门店编码-->
		<result property="branchCode" column="branch_code" />
		<!--门店名称-->
		<result property="branchName" column="branch_name" />
		<!--收款人-->
		<result property="payEmpCode" column="pay_emp_code" />
		<!--门店店长-->
		<result property="branchManagerCode" column="branch_manager_code" />
		<!--店长姓名-->
		<result property="branchManagerName" column="branch_manager_name" />
		<!--商家编-->
		<result property="merchantNumber" column="merchant_number" />
        
	</resultMap>

    <insert id="insertReceive" parameterType="com.sfbest.financial.db.entity.gfd.ReceiveOrder" >
        insert into gfd_receive_order (order_id) values (
        #{orderId}
        )
    </insert>


</mapper>