<?xml version="1.0" encoding="UTF-8"?>
<!DOCTYPE mapper PUBLIC "-//mybatis.org//DTD Mapper 3.0//EN" 
    "http://mybatis.org/dtd/mybatis-3-mapper.dtd">
<mapper namespace="com.sfbest.financial.db.mapper.gfd.TaskScheduleMapper">

	<!--实体映射-->
	<resultMap id="taskScheduleResultMap" type="com.sfbest.financial.db.entity.gfd.TaskSchedule">
		<!--自增ID-->
		<id property="id" column="id" />
		<!--任务编号-->
		<result property="taskKey" column="task_key" />
		<!--任务名称-->
		<result property="taskName" column="task_name" />
		<!--操作时间-->
		<result property="lastExecTime" column="last_exec_time" />
		<!--添加时间-->
		<result property="addTime" column="add_time" />
	</resultMap>


	<!-- 通用查询结果列-->
	<sql id="Base_Column_List">
		 id, task_key, task_name, last_exec_time, add_time
	</sql>

	<!-- 查询（根据主键ID查询） -->
	<select id="query" resultMap="taskScheduleResultMap" parameterType="map">
		 SELECT
		<include refid="Base_Column_List" />
		FROM gfd_task_schedule
		WHERE task_key = #{taskKey}
	</select>

	<!-- 添加 （匹配有值的字段）-->
	<insert id="save" parameterType="com.sfbest.financial.db.entity.gfd.TaskSchedule" useGeneratedKeys="true">
		 INSERT INTO gfd_task_schedule
		 <trim prefix="(" suffix=")" suffixOverrides="," >
			<if test="id != null">
				 id,
			</if>
			<if test="taskKey != null">
				 task_key,
			</if>
			<if test="taskName != null">
				 task_name,
			</if>
			<if test="lastExecTime != null">
				 last_exec_time,
			</if>
			<if test="addTime != null">
				 add_time,
			</if>

		 </trim>
		 <trim prefix="values (" suffix=")" suffixOverrides="," >
			<if test="id!=null">
				 #{id},
			</if>
			<if test="taskKey!=null">
				 #{taskKey},
			</if>
			<if test="taskName!=null">
				 #{taskName},
			</if>
			<if test="lastExecTime!=null">
				 #{lastExecTime},
			</if>
			<if test="addTime!=null">
				 #{addTime},
			</if>
		 </trim>
	</insert>

	<!-- 修 改-->
	<update id="update" parameterType="com.sfbest.financial.db.entity.gfd.TaskSchedule">
		 UPDATE gfd_task_schedule
 		 <set> 
			<if test="taskKey != null">
				 task_key = #{taskKey},
			</if>
			<if test="taskName != null">
				 task_name = #{taskName},
			</if>
			<if test="lastExecTime != null">
				 last_exec_time = #{lastExecTime},
			</if>
			<if test="addTime != null">
				 add_time = #{addTime},
			</if>

 		 </set>
		 WHERE id = #{id}
	</update>
</mapper>